venta_id,producto_id,comprador_id,ubicacion_comprador,fecha_venta,cantidad,metodo_pago,total,tipo_producto,canal,estatus
1,10,1,CDMX,2023-08-30,1,Crédito,979.72,Marca IKAL,Facebook,Entregado
2,10,1,CDMX,2023-06-09,1,Crédito,979.72,Marca IKAL,Web,Entregado
3,10,1,CDMX,2023-08-09,1,Crédito,979.72,Marca IKAL,WhatsApp,Entregado
4,10,2,Toluca,2023-09-09,1,Débito,979.72,Marca IKAL,Web,Entregado
5,10,2,Toluca,2023-10-09,1,Débito,979.72,Marca IKAL,Facebook,Entregado
6,10,4,Toluca,2023-12-09,1,Débito,979.72,Marca IKAL,Facebook,Entregado
7,10,6,Puebla,2023-09-15,1,Débito,979.72,Marca IKAL,Facebook,En preparación
8,10,4,Toluca,2023-09-19,1,Débito,979.72,Marca IKAL,Instagram,Cancelado
9,10,1,CDMX,2023-09-27,1,Débito,979.72,Marca IKAL,WhatsApp,Entregado
10,10,5,Xicotepec de Juárez,2023-06-10,1,Débito,979.72,Marca IKAL,Web,Entregado
11,10,2,Toluca,2023-07-10,1,Débito,979.72,Marca IKAL,Web,Cancelado
12,10,6,Puebla,2023-10-10,1,Crédito,979.72,Marca IKAL,Web,Enviado
13,10,4,Toluca,2023-10-16,1,Crédito,979.72,Marca IKAL,Web,Enviado
14,2,3,CDMX,2023-10-28,1,Crédito,1027.04,Marca IKAL,WhatsApp,Enviado
15,2,1,CDMX,2023-10-30,1,Crédito,1027.04,Marca IKAL,Facebook,Cancelado
16,10,10,CDMX,2023-02-11,1,Débito,979.72,Marca IKAL,Web,Entregado
17,2,14,CDMX,2023-05-11,1,Crédito,1027.04,Marca IKAL,Facebook,Enviado
18,10,14,CDMX,2023-07-11,1,Débito,979.72,Marca IKAL,Web,Entregado
19,10,8,Xicotepec de Juárez,2023-07-11,1,Débito,979.72,Marca IKAL,Facebook,En preparación
20,2,5,Xicotepec de Juárez,2023-08-11,1,Crédito,1027.04,Marca IKAL,Instagram,Entregado
21,2,13,Monterrey,2023-08-11,1,Débito,1027.04,Marca IKAL,Web,Entregado
22,2,8,Xicotepec de Juárez,2023-10-11,1,Crédito,1027.04,Marca IKAL,Instagram,Entregado
23,2,9,Toluca,2023-10-11,1,Débito,1027.04,Marca IKAL,WhatsApp,Cancelado
24,10,9,Toluca,2023-12-11,1,Débito,979.72,Marca IKAL,Web,Entregado
25,2,19,Xicotepec de Juárez,2023-11-13,1,Crédito,1027.04,Marca IKAL,Web,Enviado
26,2,18,Querétaro,2023-11-14,2,Crédito,2054.08,Marca IKAL,Facebook,Entregado
27,10,17,Querétaro,2023-11-15,1,Débito,979.72,Marca IKAL,Facebook,Entregado
28,2,17,Querétaro,2023-11-16,1,Débito,1027.04,Marca IKAL,Instagram,Cancelado
29,1,1,CDMX,2023-11-18,1,Crédito,331.73,Marca IKAL,WhatsApp,Entregado
30,2,2,Toluca,2023-11-19,1,Crédito,1027.04,Marca IKAL,Web,Entregado
31,10,17,Querétaro,2023-11-19,1,Crédito,979.72,Marca IKAL,Web,En preparación
32,10,13,Monterrey,2023-11-19,1,Débito,979.72,Marca IKAL,Web,Entregado
33,1,18,Querétaro,2023-11-20,1,Débito,331.73,Marca IKAL,Web,Entregado
34,2,7,Monterrey,2023-11-22,1,Débito,1027.04,Marca IKAL,Facebook,Entregado
35,2,15,CDMX,2023-11-22,1,Débito,1027.04,Marca IKAL,WhatsApp,Entregado
36,10,16,Pantepec,2023-11-26,1,Débito,979.72,Marca IKAL,Web,Entregado
37,2,6,Puebla,2023-12-01,2,Débito,2054.08,Marca IKAL,Web,Cancelado
38,2,16,Pantepec,2023-01-12,1,Crédito,1027.04,Marca IKAL,Web,Enviado
39,10,17,Querétaro,2023-03-12,1,Débito,979.72,Marca IKAL,WhatsApp,En preparación
40,1,21,Puebla,2023-04-12,1,Crédito,331.73,Marca IKAL,Instagram,Entregado
41,1,10,CDMX,2023-05-12,1,Débito,331.73,Marca IKAL,Facebook,Entregado
42,10,5,Xicotepec de Juárez,2023-08-12,1,Crédito,979.72,Marca IKAL,Web,Entregado
43,1,18,Querétaro,2023-12-12,1,Crédito,331.73,Marca IKAL,Web,Entregado
44,10,19,Xicotepec de Juárez,2023-12-14,2,Crédito,1959.44,Marca IKAL,Web,Entregado
45,12,13,Monterrey,2023-12-14,1,Crédito,1049.0,Marca IKAL,WhatsApp,Entregado
46,1,3,CDMX,2023-12-14,1,Crédito,331.73,Marca IKAL,Instagram,Entregado
47,12,11,Puebla,2023-12-15,1,Débito,1049.0,Marca IKAL,Web,En preparación
48,10,2,Toluca,2023-12-17,1,Crédito,979.72,Marca IKAL,Web,Entregado
49,2,29,CDMX,2023-12-17,1,Débito,1027.04,Marca IKAL,Web,Entregado
50,10,19,Xicotepec de Juárez,2023-12-18,1,Débito,979.72,Marca IKAL,Web,Entregado
51,2,25,Monterrey,2023-12-18,2,Crédito,2054.08,Marca IKAL,Web,Entregado
52,1,31,Guadalajara,2023-12-19,2,Débito,663.46,Marca IKAL,Facebook,Entregado
53,10,11,Puebla,2023-12-19,1,Crédito,979.72,Marca IKAL,Web,Entregado
54,2,21,Puebla,2023-12-19,1,Crédito,1027.04,Marca IKAL,Web,Entregado
55,2,2,Toluca,2023-12-21,2,Crédito,2054.08,Marca IKAL,Web,Entregado
56,1,24,CDMX,2023-12-22,2,Crédito,663.46,Marca IKAL,WhatsApp,En preparación
57,10,20,Toluca,2023-12-22,1,Crédito,979.72,Marca IKAL,Facebook,Entregado
58,2,16,Pantepec,2023-12-22,1,Crédito,1027.04,Marca IKAL,Web,Entregado
59,1,21,Puebla,2023-12-25,1,Débito,331.73,Marca IKAL,Facebook,Entregado
60,1,5,Xicotepec de Juárez,2023-12-26,1,Débito,331.73,Marca IKAL,Facebook,En preparación
61,10,20,Toluca,2023-12-26,1,Crédito,979.72,Marca IKAL,Instagram,Entregado
62,10,31,Guadalajara,2023-12-28,2,Débito,1959.44,Marca IKAL,Instagram,Entregado
63,1,34,Puebla,2023-12-29,2,Crédito,663.46,Marca IKAL,Instagram,Entregado
64,10,30,Querétaro,2023-12-30,1,Débito,979.72,Marca IKAL,Web,Entregado
65,1,5,Xicotepec de Juárez,2023-12-30,1,Crédito,331.73,Marca IKAL,Web,Entregado
66,12,20,Toluca,2023-12-30,1,Débito,1049.0,Marca IKAL,Instagram,Entregado
67,18,15,CDMX,2023-12-31,2,Crédito,300.9,Marca IKAL,Web,Enviado
68,10,28,Guadalajara,2024-01-01,1,Débito,979.72,Marca IKAL,Instagram,Enviado
69,10,32,Guadalajara,2024-01-05,1,Débito,979.72,Marca IKAL,Web,Entregado
70,10,12,Puebla,2024-01-21,1,Crédito,979.72,Marca IKAL,Web,Enviado
71,14,15,CDMX,2024-01-31,1,Débito,681.09,Marca IKAL,Web,Entregado
72,11,27,Querétaro,2024-04-02,1,Débito,596.55,Marca IKAL,Facebook,En preparación
73,9,10,CDMX,2024-05-02,1,Débito,942.9,Marca IKAL,Facebook,En preparación
74,23,43,Puebla,2024-10-02,1,Crédito,1049.71,Marca IKAL,Instagram,Entregado
75,12,18,Querétaro,2024-11-02,1,Débito,1049.0,Marca IKAL,Web,Entregado
76,2,21,Puebla,2024-11-02,2,Débito,2054.08,Marca IKAL,Web,Entregado
77,14,17,Querétaro,2024-12-02,1,Crédito,681.09,Marca IKAL,Web,Entregado
78,146,15,CDMX,2024-02-13,1,Débito,299.41,Artesano,Facebook,Entregado
79,4,36,Monterrey,2024-02-14,1,Crédito,1124.79,Marca IKAL,Instagram,Entregado
80,146,19,Xicotepec de Juárez,2024-02-15,1,Débito,299.41,Artesano,Instagram,Enviado
81,146,26,Guadalajara,2024-02-16,1,Crédito,299.41,Artesano,Facebook,Entregado
82,146,44,Monterrey,2024-02-18,2,Débito,598.82,Artesano,Web,En preparación
83,146,7,Monterrey,2024-02-20,1,Débito,299.41,Artesano,Web,Entregado
84,146,28,Guadalajara,2024-02-20,1,Débito,299.41,Artesano,Instagram,Entregado
85,146,4,Toluca,2024-02-23,2,Débito,598.82,Artesano,Instagram,Entregado
86,4,1,CDMX,2024-02-24,1,Débito,1124.79,Marca IKAL,Instagram,Entregado
87,146,9,Toluca,2024-02-24,2,Débito,598.82,Artesano,Web,Enviado
88,146,54,Xicotepec de Juárez,2024-02-25,1,Débito,299.41,Artesano,Instagram,Entregado
89,146,22,Monterrey,2024-02-27,2,Crédito,598.82,Artesano,Instagram,Entregado
90,146,49,Guadalajara,2024-02-28,1,Crédito,299.41,Artesano,Instagram,Entregado
91,146,43,Puebla,2024-02-29,1,Débito,299.41,Artesano,Instagram,Enviado
92,11,3,CDMX,2024-02-03,2,Crédito,1193.1,Marca IKAL,Web,Entregado
93,146,36,Monterrey,2024-03-03,2,Débito,598.82,Artesano,Facebook,En preparación
94,2,25,Monterrey,2024-03-03,1,Crédito,1027.04,Marca IKAL,Instagram,Entregado
95,146,20,Toluca,2024-04-03,1,Débito,299.41,Artesano,Instagram,Entregado
96,9,60,Querétaro,2024-05-03,1,Crédito,942.9,Marca IKAL,Web,Entregado
97,146,40,CDMX,2024-05-03,1,Crédito,299.41,Artesano,Web,Entregado
98,146,67,Guadalajara,2024-05-03,1,Crédito,299.41,Artesano,Facebook,Entregado
99,146,4,Toluca,2024-06-03,1,Débito,299.41,Artesano,Web,Entregado
100,146,6,Puebla,2024-06-03,1,Crédito,299.41,Artesano,WhatsApp,Entregado
101,146,61,CDMX,2024-07-03,2,Débito,598.82,Artesano,Web,Entregado
102,146,45,Querétaro,2024-08-03,1,Débito,299.41,Artesano,Web,Cancelado
103,146,33,Guadalajara,2024-11-03,1,Débito,299.41,Artesano,Instagram,Entregado
104,11,33,Guadalajara,2024-12-03,1,Crédito,596.55,Marca IKAL,Facebook,Entregado
105,146,18,Querétaro,2024-03-13,1,Crédito,299.41,Artesano,Facebook,Enviado
106,146,47,CDMX,2024-03-13,1,Débito,299.41,Artesano,Web,En preparación
107,146,26,Guadalajara,2024-03-13,2,Débito,598.82,Artesano,Instagram,Entregado
108,146,66,Guadalajara,2024-03-15,1,Débito,299.41,Artesano,Facebook,Enviado
109,146,28,Guadalajara,2024-03-15,1,Crédito,299.41,Artesano,Web,Entregado
110,146,9,Toluca,2024-03-16,1,Débito,299.41,Artesano,Facebook,Entregado
111,146,12,Puebla,2024-03-17,1,Débito,299.41,Artesano,Instagram,Entregado
112,146,41,Monterrey,2024-03-18,1,Débito,299.41,Artesano,WhatsApp,Entregado
113,146,24,CDMX,2024-03-18,1,Crédito,299.41,Artesano,Web,Entregado
114,146,33,Guadalajara,2024-03-18,1,Débito,299.41,Artesano,Facebook,En preparación
115,146,28,Guadalajara,2024-03-19,1,Crédito,299.41,Artesano,Web,Entregado
116,146,31,Guadalajara,2024-03-20,1,Crédito,299.41,Artesano,Web,Entregado
117,146,66,Guadalajara,2024-03-21,1,Crédito,299.41,Artesano,Web,Entregado
118,18,28,Guadalajara,2024-03-22,1,Débito,150.45,Marca IKAL,Instagram,Entregado
119,14,18,Querétaro,2024-03-23,1,Débito,681.09,Marca IKAL,Web,Entregado
120,11,51,Guadalajara,2024-03-23,1,Crédito,596.55,Marca IKAL,Instagram,Entregado
121,4,71,Puebla,2024-03-23,1,Crédito,1124.79,Marca IKAL,Facebook,Entregado
122,146,17,Querétaro,2024-03-24,1,Crédito,299.41,Artesano,Instagram,Cancelado
123,23,5,Xicotepec de Juárez,2024-03-25,1,Débito,1049.71,Marca IKAL,Web,Entregado
124,146,23,Guadalajara,2024-03-27,1,Crédito,299.41,Artesano,Instagram,Entregado
125,10,70,Puebla,2024-03-27,2,Débito,1959.44,Marca IKAL,Web,Entregado
126,146,59,Pantepec,2024-03-27,1,Crédito,299.41,Artesano,Instagram,Cancelado
127,4,7,Monterrey,2024-03-27,1,Crédito,1124.79,Marca IKAL,Web,Entregado
128,146,53,Guadalajara,2024-03-28,1,Débito,299.41,Artesano,WhatsApp,Entregado
129,146,39,CDMX,2024-03-30,1,Crédito,299.41,Artesano,Web,Entregado
130,15,47,CDMX,2024-03-31,1,Crédito,705.11,Marca IKAL,WhatsApp,Entregado
131,146,53,Guadalajara,2024-03-31,1,Crédito,299.41,Artesano,Web,Entregado
132,146,19,Xicotepec de Juárez,2024-01-04,1,Crédito,299.41,Artesano,Web,Entregado
133,146,1,CDMX,2024-02-04,1,Crédito,299.41,Artesano,Instagram,Entregado
134,146,46,Xicotepec de Juárez,2024-02-04,1,Débito,299.41,Artesano,Instagram,Enviado
135,11,4,Toluca,2024-03-04,1,Crédito,596.55,Marca IKAL,WhatsApp,Entregado
136,146,12,Puebla,2024-04-04,1,Débito,299.41,Artesano,Web,Entregado
137,146,26,Guadalajara,2024-04-04,1,Crédito,299.41,Artesano,Web,Entregado
138,146,29,CDMX,2024-04-04,2,Débito,598.82,Artesano,Web,Entregado
139,9,48,CDMX,2024-05-04,1,Crédito,942.9,Marca IKAL,Instagram,Cancelado
140,15,55,Guadalajara,2024-05-04,1,Débito,705.11,Marca IKAL,Web,Entregado
141,14,47,CDMX,2024-05-04,1,Crédito,681.09,Marca IKAL,Web,Entregado
142,146,81,Xicotepec de Juárez,2024-07-04,2,Débito,598.82,Artesano,Instagram,Entregado
143,146,12,Puebla,2024-08-04,1,Crédito,299.41,Artesano,Facebook,Entregado
144,146,15,CDMX,2024-08-04,1,Crédito,299.41,Artesano,Facebook,En preparación
145,146,87,CDMX,2024-10-04,1,Crédito,299.41,Artesano,Web,Entregado
146,146,23,Guadalajara,2024-11-04,1,Crédito,299.41,Artesano,WhatsApp,Entregado
147,146,25,Monterrey,2024-11-04,1,Débito,299.41,Artesano,Web,Entregado
148,1,71,Puebla,2024-12-04,1,Crédito,331.73,Marca IKAL,Instagram,Entregado
149,146,37,CDMX,2024-04-14,1,Débito,299.41,Artesano,Facebook,Entregado
150,146,2,Toluca,2024-04-14,1,Débito,299.41,Artesano,Web,Entregado
151,146,35,Querétaro,2024-04-15,1,Débito,299.41,Artesano,Instagram,En preparación
152,146,18,Querétaro,2024-04-15,2,Crédito,598.82,Artesano,Facebook,Entregado
153,146,72,CDMX,2024-04-16,1,Crédito,299.41,Artesano,Facebook,En preparación
154,11,59,Pantepec,2024-04-16,1,Débito,596.55,Marca IKAL,Facebook,Cancelado
155,146,90,Xicotepec de Juárez,2024-04-17,1,Débito,299.41,Artesano,Web,Entregado
156,23,33,Guadalajara,2024-04-18,1,Crédito,1049.71,Marca IKAL,Facebook,En preparación
157,146,60,Querétaro,2024-04-18,1,Débito,299.41,Artesano,Facebook,Entregado
158,15,68,Toluca,2024-04-18,1,Crédito,705.11,Marca IKAL,Facebook,Entregado
159,146,38,Monterrey,2024-04-18,1,Crédito,299.41,Artesano,Facebook,Entregado
160,146,76,CDMX,2024-04-19,1,Crédito,299.41,Artesano,Web,Entregado
161,2,68,Toluca,2024-04-19,1,Débito,1027.04,Marca IKAL,Facebook,Entregado
162,18,14,CDMX,2024-04-19,1,Débito,150.45,Marca IKAL,Instagram,Entregado
163,146,79,Monterrey,2024-04-21,1,Débito,299.41,Artesano,Web,Entregado
164,60,20,Toluca,2024-04-22,1,Débito,1057.06,Artesano,Instagram,Entregado
165,60,4,Toluca,2024-04-22,1,Crédito,1057.06,Artesano,Web,Entregado
166,12,12,Puebla,2024-04-22,1,Crédito,1049.0,Marca IKAL,Web,Cancelado
167,146,3,CDMX,2024-04-23,1,Crédito,299.41,Artesano,Instagram,Entregado
168,22,10,CDMX,2024-04-23,1,Crédito,920.64,Marca IKAL,Web,Entregado
169,146,92,Xicotepec de Juárez,2024-04-24,1,Crédito,299.41,Artesano,Web,En preparación
170,10,61,CDMX,2024-04-24,1,Crédito,979.72,Marca IKAL,Instagram,Entregado
171,11,92,Xicotepec de Juárez,2024-04-25,1,Débito,596.55,Marca IKAL,Facebook,Entregado
172,60,52,Monterrey,2024-04-25,2,Crédito,2114.12,Artesano,Web,Cancelado
173,146,54,Xicotepec de Juárez,2024-04-26,1,Crédito,299.41,Artesano,Web,Entregado
174,146,32,Guadalajara,2024-04-26,2,Crédito,598.82,Artesano,Web,Entregado
175,146,25,Monterrey,2024-04-27,1,Crédito,299.41,Artesano,Facebook,Entregado
176,146,76,CDMX,2024-04-28,1,Débito,299.41,Artesano,Instagram,Enviado
177,146,68,Toluca,2024-04-29,1,Crédito,299.41,Artesano,Facebook,Enviado
178,146,28,Guadalajara,2024-04-29,1,Débito,299.41,Artesano,Instagram,Entregado
179,60,68,Toluca,2024-04-30,1,Débito,1057.06,Artesano,Instagram,En preparación
180,60,38,Monterrey,2024-05-01,2,Crédito,2114.12,Artesano,Instagram,Cancelado
181,146,35,Querétaro,2024-01-05,1,Débito,299.41,Artesano,Instagram,Entregado
182,60,46,Xicotepec de Juárez,2024-01-05,1,Crédito,1057.06,Artesano,Facebook,Enviado
183,60,73,Querétaro,2024-01-05,1,Débito,1057.06,Artesano,Instagram,Enviado
184,60,76,CDMX,2024-02-05,1,Crédito,1057.06,Artesano,Facebook,Entregado
185,15,22,Monterrey,2024-02-05,1,Débito,705.11,Marca IKAL,Instagram,Entregado
186,146,15,CDMX,2024-02-05,2,Crédito,598.82,Artesano,Facebook,Enviado
187,146,52,Monterrey,2024-05-03,2,Crédito,598.82,Artesano,Web,Entregado
188,60,26,Guadalajara,2024-03-05,1,Crédito,1057.06,Artesano,WhatsApp,Entregado
189,10,97,CDMX,2024-03-05,2,Crédito,1959.44,Marca IKAL,Web,En preparación
190,146,48,CDMX,2024-04-05,1,Crédito,299.41,Artesano,Web,Entregado
191,10,22,Monterrey,2024-04-05,1,Crédito,979.72,Marca IKAL,Web,Entregado
192,60,91,CDMX,2024-04-05,1,Crédito,1057.06,Artesano,Instagram,Entregado
193,146,71,Puebla,2024-04-05,1,Crédito,299.41,Artesano,Facebook,Entregado
194,146,89,Xicotepec de Juárez,2024-04-05,2,Débito,598.82,Artesano,WhatsApp,Cancelado
195,60,25,Monterrey,2024-04-05,1,Débito,1057.06,Artesano,Instagram,Entregado
196,1,38,Monterrey,2024-04-05,1,Crédito,331.73,Marca IKAL,Web,Entregado
197,60,84,Querétaro,2024-05-05,1,Crédito,1057.06,Artesano,Web,Enviado
198,146,27,Querétaro,2024-05-05,1,Crédito,299.41,Artesano,Web,Entregado
199,10,80,Monterrey,2024-05-05,1,Crédito,979.72,Marca IKAL,Facebook,Entregado
200,14,34,Puebla,2024-06-05,1,Crédito,681.09,Marca IKAL,Web,Entregado
201,60,71,Puebla,2024-06-05,1,Crédito,1057.06,Artesano,Web,Enviado
202,146,7,Monterrey,2024-06-05,1,Débito,299.41,Artesano,Web,Entregado
203,9,69,Monterrey,2024-06-05,1,Débito,942.9,Marca IKAL,Instagram,Enviado
204,14,12,Puebla,2024-07-05,1,Crédito,681.09,Marca IKAL,Web,Entregado
205,60,2,Toluca,2024-07-05,1,Débito,1057.06,Artesano,Instagram,Entregado
206,12,72,CDMX,2024-07-05,1,Crédito,1049.0,Marca IKAL,Instagram,Cancelado
207,14,87,CDMX,2024-07-05,2,Crédito,1362.18,Marca IKAL,Instagram,En preparación
208,4,31,Guadalajara,2024-08-05,1,Crédito,1124.79,Marca IKAL,Facebook,Entregado
209,60,65,CDMX,2024-08-05,1,Débito,1057.06,Artesano,Instagram,Entregado
210,146,36,Monterrey,2024-08-05,1,Crédito,299.41,Artesano,Facebook,Entregado
211,146,12,Puebla,2024-10-05,1,Crédito,299.41,Artesano,Web,Enviado
212,11,10,CDMX,2024-10-05,1,Crédito,596.55,Marca IKAL,Instagram,Enviado
213,60,105,Xicotepec de Juárez,2024-10-05,2,Débito,2114.12,Artesano,Web,Cancelado
214,60,88,Xicotepec de Juárez,2024-11-05,1,Débito,1057.06,Artesano,Web,Entregado
215,4,64,CDMX,2024-11-05,1,Crédito,1124.79,Marca IKAL,Instagram,Entregado
216,60,1,CDMX,2024-11-05,1,Débito,1057.06,Artesano,Web,Entregado
217,60,90,Xicotepec de Juárez,2024-05-12,1,Débito,1057.06,Artesano,Web,Enviado
218,146,86,Xicotepec de Juárez,2024-12-05,1,Débito,299.41,Artesano,Web,Entregado
219,146,11,Puebla,2024-05-14,1,Crédito,299.41,Artesano,Web,Enviado
220,146,31,Guadalajara,2024-05-14,2,Crédito,598.82,Artesano,Facebook,En preparación
221,146,32,Guadalajara,2024-05-14,1,Débito,299.41,Artesano,Facebook,Entregado
222,16,87,CDMX,2024-05-15,1,Crédito,885.45,Marca IKAL,Instagram,Entregado
223,10,96,Monterrey,2024-05-15,2,Crédito,1959.44,Marca IKAL,Web,Entregado
224,60,44,Monterrey,2024-05-15,1,Crédito,1057.06,Artesano,Instagram,En preparación
225,146,76,CDMX,2024-05-15,1,Crédito,299.41,Artesano,Web,Entregado
226,60,86,Xicotepec de Juárez,2024-05-15,2,Débito,2114.12,Artesano,WhatsApp,Entregado
227,60,78,Xicotepec de Juárez,2024-05-15,1,Débito,1057.06,Artesano,Web,Entregado
228,60,9,Toluca,2024-05-16,1,Crédito,1057.06,Artesano,Facebook,Enviado
229,1,79,Monterrey,2024-05-16,1,Débito,331.73,Marca IKAL,Instagram,Entregado
230,60,53,Guadalajara,2024-05-16,2,Débito,2114.12,Artesano,Web,Entregado
231,60,57,Monterrey,2024-05-16,1,Débito,1057.06,Artesano,Instagram,Entregado
232,60,49,Guadalajara,2024-05-17,2,Crédito,2114.12,Artesano,WhatsApp,Entregado
233,146,76,CDMX,2024-05-18,1,Crédito,299.41,Artesano,Facebook,Enviado
234,60,30,Querétaro,2024-05-18,1,Débito,1057.06,Artesano,Facebook,En preparación
235,14,104,Puebla,2024-05-18,1,Crédito,681.09,Marca IKAL,Instagram,Entregado
236,146,36,Monterrey,2024-05-18,1,Débito,299.41,Artesano,Web,Entregado
237,22,57,Monterrey,2024-05-18,2,Débito,1841.28,Marca IKAL,Web,Entregado
238,146,58,Querétaro,2024-05-18,2,Débito,598.82,Artesano,Facebook,Entregado
239,146,38,Monterrey,2024-05-19,1,Débito,299.41,Artesano,WhatsApp,Enviado
240,23,22,Monterrey,2024-05-19,1,Crédito,1049.71,Marca IKAL,Instagram,Entregado
241,60,27,Querétaro,2024-05-19,1,Crédito,1057.06,Artesano,Facebook,Cancelado
242,146,92,Xicotepec de Juárez,2024-05-19,1,Débito,299.41,Artesano,Instagram,En preparación
243,60,89,Xicotepec de Juárez,2024-05-20,1,Débito,1057.06,Artesano,Web,Enviado
244,4,103,Xicotepec de Juárez,2024-05-20,1,Crédito,1124.79,Marca IKAL,Instagram,Entregado
245,60,50,Xicotepec de Juárez,2024-05-20,1,Crédito,1057.06,Artesano,Instagram,Cancelado
246,16,43,Puebla,2024-05-20,1,Débito,885.45,Marca IKAL,Web,Enviado
247,60,79,Monterrey,2024-05-20,1,Débito,1057.06,Artesano,Instagram,Entregado
248,146,89,Xicotepec de Juárez,2024-05-20,1,Débito,299.41,Artesano,Web,Entregado
249,11,111,Puebla,2024-05-21,2,Débito,1193.1,Marca IKAL,Facebook,Entregado
250,9,23,Guadalajara,2024-05-21,1,Débito,942.9,Marca IKAL,WhatsApp,Entregado
251,60,95,Querétaro,2024-05-22,1,Crédito,1057.06,Artesano,WhatsApp,Entregado
252,146,22,Monterrey,2024-05-23,1,Débito,299.41,Artesano,Instagram,Enviado
253,60,57,Monterrey,2024-05-23,1,Débito,1057.06,Artesano,Facebook,Cancelado
254,18,64,CDMX,2024-05-23,1,Crédito,150.45,Marca IKAL,WhatsApp,Enviado
255,146,95,Querétaro,2024-05-23,1,Crédito,299.41,Artesano,Instagram,Entregado
256,146,72,CDMX,2024-05-24,1,Débito,299.41,Artesano,Web,Enviado
257,23,53,Guadalajara,2024-05-24,1,Crédito,1049.71,Marca IKAL,Web,Entregado
258,146,103,Xicotepec de Juárez,2024-05-24,1,Débito,299.41,Artesano,Web,Entregado
259,23,45,Querétaro,2024-05-24,1,Débito,1049.71,Marca IKAL,Web,Entregado
260,60,2,Toluca,2024-05-24,1,Débito,1057.06,Artesano,Facebook,Entregado
261,15,55,Guadalajara,2024-05-25,1,Débito,705.11,Marca IKAL,Facebook,Cancelado
262,146,110,Puebla,2024-05-25,1,Crédito,299.41,Artesano,Instagram,Entregado
263,146,46,Xicotepec de Juárez,2024-05-25,1,Crédito,299.41,Artesano,Web,Entregado
264,60,31,Guadalajara,2024-05-26,2,Crédito,2114.12,Artesano,Facebook,Entregado
265,4,63,Puebla,2024-05-26,1,Débito,1124.79,Marca IKAL,Instagram,Entregado
266,146,105,Xicotepec de Juárez,2024-05-27,1,Crédito,299.41,Artesano,Instagram,En preparación
267,146,66,Guadalajara,2024-05-27,1,Crédito,299.41,Artesano,Web,Entregado
268,11,4,Toluca,2024-05-27,1,Crédito,596.55,Marca IKAL,WhatsApp,Cancelado
269,60,15,CDMX,2024-05-27,2,Crédito,2114.12,Artesano,WhatsApp,Entregado
270,12,16,Pantepec,2024-05-29,1,Débito,1049.0,Marca IKAL,Web,Entregado
271,146,82,Guadalajara,2024-05-29,1,Crédito,299.41,Artesano,Web,Enviado
272,146,31,Guadalajara,2024-05-29,1,Débito,299.41,Artesano,Web,En preparación
273,146,115,Querétaro,2024-05-30,2,Crédito,598.82,Artesano,Facebook,Enviado
274,2,114,Guadalajara,2024-05-30,1,Crédito,1027.04,Marca IKAL,WhatsApp,Entregado
275,19,44,Monterrey,2024-05-30,1,Crédito,938.48,Marca IKAL,Web,Entregado
276,146,81,Xicotepec de Juárez,2024-05-30,1,Débito,299.41,Artesano,Web,Entregado
277,60,83,Xicotepec de Juárez,2024-05-30,1,Crédito,1057.06,Artesano,Web,Entregado
278,22,105,Xicotepec de Juárez,2024-05-31,1,Crédito,920.64,Marca IKAL,Web,En preparación
279,146,44,Monterrey,2024-05-31,1,Crédito,299.41,Artesano,Web,Entregado
280,60,12,Puebla,2024-05-31,1,Débito,1057.06,Artesano,Instagram,Entregado
281,60,20,Toluca,2024-05-31,2,Débito,2114.12,Artesano,Instagram,Entregado
282,146,110,Puebla,2024-05-31,1,Crédito,299.41,Artesano,Instagram,Entregado
283,23,71,Puebla,2024-02-06,1,Débito,1049.71,Marca IKAL,Web,Entregado
284,60,12,Puebla,2024-02-06,1,Crédito,1057.06,Artesano,Web,En preparación
285,146,55,Guadalajara,2024-03-06,1,Crédito,299.41,Artesano,Instagram,En preparación
286,146,64,CDMX,2024-03-06,1,Crédito,299.41,Artesano,Instagram,Enviado
287,146,61,CDMX,2024-06-03,1,Débito,299.41,Artesano,Web,En preparación
288,60,7,Monterrey,2024-04-06,1,Débito,1057.06,Artesano,Facebook,Entregado
289,60,55,Guadalajara,2024-04-06,1,Crédito,1057.06,Artesano,Instagram,En preparación
290,13,92,Xicotepec de Juárez,2024-05-06,1,Crédito,249.47,Marca IKAL,Instagram,Entregado
291,146,14,CDMX,2024-05-06,1,Débito,299.41,Artesano,Facebook,Enviado
292,60,2,Toluca,2024-07-06,1,Crédito,1057.06,Artesano,Instagram,Entregado
293,146,34,Puebla,2024-07-06,1,Débito,299.41,Artesano,WhatsApp,Enviado
294,60,89,Xicotepec de Juárez,2024-08-06,1,Crédito,1057.06,Artesano,Instagram,Cancelado
295,146,120,CDMX,2024-08-06,2,Crédito,598.82,Artesano,Web,En preparación
296,146,113,Toluca,2024-09-06,1,Crédito,299.41,Artesano,Web,Entregado
297,13,41,Monterrey,2024-09-06,1,Débito,249.47,Marca IKAL,Web,Entregado
298,146,30,Querétaro,2024-09-06,1,Crédito,299.41,Artesano,WhatsApp,Entregado
299,146,33,Guadalajara,2024-09-06,1,Crédito,299.41,Artesano,Facebook,En preparación
300,146,68,Toluca,2024-10-06,1,Débito,299.41,Artesano,WhatsApp,Entregado
301,146,53,Guadalajara,2024-11-06,1,Débito,299.41,Artesano,Web,Entregado
302,60,91,CDMX,2024-11-06,1,Débito,1057.06,Artesano,Instagram,Entregado
303,60,46,Xicotepec de Juárez,2024-11-06,1,Débito,1057.06,Artesano,Facebook,Entregado
304,146,40,CDMX,2024-12-06,2,Crédito,598.82,Artesano,Facebook,Entregado
305,60,1,CDMX,2024-12-06,1,Crédito,1057.06,Artesano,Instagram,Entregado
306,15,90,Xicotepec de Juárez,2024-06-13,1,Débito,705.11,Marca IKAL,Web,Entregado
307,146,118,Monterrey,2024-06-14,1,Crédito,299.41,Artesano,Instagram,Entregado
308,146,44,Monterrey,2024-06-15,1,Débito,299.41,Artesano,Instagram,Enviado
309,146,55,Guadalajara,2024-06-16,1,Débito,299.41,Artesano,WhatsApp,Entregado
310,146,49,Guadalajara,2024-06-16,1,Crédito,299.41,Artesano,Facebook,Enviado
311,68,112,Querétaro,2024-06-17,1,Débito,335.5,Artesano,Instagram,Entregado
312,146,58,Querétaro,2024-06-17,2,Débito,598.82,Artesano,Facebook,Entregado
313,146,49,Guadalajara,2024-06-17,1,Débito,299.41,Artesano,Instagram,Entregado
314,60,98,Monterrey,2024-06-18,1,Débito,1057.06,Artesano,Web,Entregado
315,68,95,Querétaro,2024-06-18,2,Débito,671.0,Artesano,Web,Enviado
316,13,123,Querétaro,2024-06-19,1,Crédito,249.47,Marca IKAL,Web,Cancelado
317,68,106,Toluca,2024-06-19,1,Débito,335.5,Artesano,Web,Entregado
318,60,6,Puebla,2024-06-19,2,Débito,2114.12,Artesano,Instagram,Entregado
319,146,14,CDMX,2024-06-21,2,Crédito,598.82,Artesano,Web,Enviado
320,68,111,Puebla,2024-06-21,1,Débito,335.5,Artesano,Web,Entregado
321,18,77,Xicotepec de Juárez,2024-06-22,1,Débito,150.45,Marca IKAL,Web,Enviado
322,60,53,Guadalajara,2024-06-23,1,Crédito,1057.06,Artesano,Web,Entregado
323,60,20,Toluca,2024-06-23,1,Crédito,1057.06,Artesano,Facebook,Entregado
324,60,13,Monterrey,2024-06-25,2,Débito,2114.12,Artesano,Web,Entregado
325,146,117,CDMX,2024-06-25,1,Crédito,299.41,Artesano,Instagram,Entregado
326,2,75,CDMX,2024-06-26,1,Crédito,1027.04,Marca IKAL,WhatsApp,Enviado
327,60,108,Querétaro,2024-06-26,1,Crédito,1057.06,Artesano,Instagram,Enviado
328,60,18,Querétaro,2024-06-28,1,Crédito,1057.06,Artesano,Facebook,Entregado
329,60,100,Toluca,2024-06-29,1,Crédito,1057.06,Artesano,WhatsApp,Entregado
330,9,113,Toluca,2024-06-30,1,Crédito,942.9,Marca IKAL,Web,Cancelado
331,68,105,Xicotepec de Juárez,2024-01-07,1,Débito,335.5,Artesano,Web,Entregado
332,146,113,Toluca,2024-01-07,2,Crédito,598.82,Artesano,Instagram,Entregado
333,60,107,Querétaro,2024-02-07,1,Débito,1057.06,Artesano,Instagram,Entregado
334,60,69,Monterrey,2024-02-07,2,Crédito,2114.12,Artesano,Web,Entregado
335,18,13,Monterrey,2024-02-07,2,Crédito,300.9,Marca IKAL,Web,Entregado
336,68,106,Toluca,2024-07-03,1,Débito,335.5,Artesano,Web,Entregado
337,22,38,Monterrey,2024-04-07,1,Crédito,920.64,Marca IKAL,Facebook,Entregado
338,68,25,Monterrey,2024-04-07,2,Crédito,671.0,Artesano,Instagram,Entregado
339,19,50,Xicotepec de Juárez,2024-04-07,1,Débito,938.48,Marca IKAL,Facebook,Enviado
340,22,135,Querétaro,2024-05-07,1,Crédito,920.64,Marca IKAL,Facebook,Entregado
341,60,83,Xicotepec de Juárez,2024-05-07,1,Crédito,1057.06,Artesano,WhatsApp,Cancelado
342,14,8,Xicotepec de Juárez,2024-07-07,2,Crédito,1362.18,Marca IKAL,Web,Entregado
343,68,120,CDMX,2024-08-07,1,Débito,335.5,Artesano,Web,En preparación
344,60,93,Puebla,2024-08-07,1,Débito,1057.06,Artesano,Facebook,Entregado
345,60,3,CDMX,2024-08-07,2,Débito,2114.12,Artesano,Web,Enviado
346,60,71,Puebla,2024-09-07,1,Crédito,1057.06,Artesano,Instagram,Entregado
347,68,88,Xicotepec de Juárez,2024-11-07,1,Débito,335.5,Artesano,WhatsApp,Entregado
348,4,78,Xicotepec de Juárez,2024-11-07,1,Crédito,1124.79,Marca IKAL,Web,Enviado
349,60,58,Querétaro,2024-11-07,1,Débito,1057.06,Artesano,Web,Entregado
350,137,36,Monterrey,2024-12-07,1,Crédito,293.88,Artesano,WhatsApp,Enviado
351,68,50,Xicotepec de Juárez,2024-12-07,1,Débito,335.5,Artesano,Facebook,Entregado
352,5,100,Toluca,2024-12-07,2,Débito,589.44,Marca IKAL,Instagram,Entregado
353,23,93,Puebla,2024-12-07,1,Crédito,1049.71,Marca IKAL,Facebook,Entregado
354,11,46,Xicotepec de Juárez,2024-07-13,2,Débito,1193.1,Marca IKAL,Facebook,Cancelado
355,146,17,Querétaro,2024-07-13,2,Crédito,598.82,Artesano,WhatsApp,Enviado
356,137,137,CDMX,2024-07-13,1,Crédito,293.88,Artesano,Web,Entregado
357,137,58,Querétaro,2024-07-15,1,Débito,293.88,Artesano,Instagram,Entregado
358,23,9,Toluca,2024-07-16,1,Débito,1049.71,Marca IKAL,Web,Entregado
359,68,69,Monterrey,2024-07-16,1,Débito,335.5,Artesano,Instagram,Entregado
360,146,27,Querétaro,2024-07-17,1,Crédito,299.41,Artesano,Instagram,Entregado
361,137,32,Guadalajara,2024-07-17,2,Débito,587.76,Artesano,Facebook,Entregado
362,137,19,Xicotepec de Juárez,2024-07-18,1,Débito,293.88,Artesano,Facebook,Entregado
363,88,73,Querétaro,2024-07-20,1,Débito,866.06,Artesano,Web,Entregado
364,68,13,Monterrey,2024-07-21,1,Crédito,335.5,Artesano,Web,Entregado
365,88,112,Querétaro,2024-07-21,1,Crédito,866.06,Artesano,Web,Entregado
366,11,52,Monterrey,2024-07-22,1,Crédito,596.55,Marca IKAL,WhatsApp,Entregado
367,60,81,Xicotepec de Juárez,2024-07-22,2,Crédito,2114.12,Artesano,Web,Entregado
368,60,82,Guadalajara,2024-07-22,1,Crédito,1057.06,Artesano,Web,Entregado
369,13,128,Toluca,2024-07-23,1,Débito,249.47,Marca IKAL,Facebook,Entregado
370,88,139,Monterrey,2024-07-24,1,Crédito,866.06,Artesano,Instagram,Enviado
371,60,92,Xicotepec de Juárez,2024-07-24,2,Débito,2114.12,Artesano,WhatsApp,Enviado
372,137,110,Puebla,2024-07-25,1,Crédito,293.88,Artesano,Instagram,Enviado
373,15,93,Puebla,2024-07-25,1,Crédito,705.11,Marca IKAL,WhatsApp,Entregado
374,13,143,Toluca,2024-07-25,1,Débito,249.47,Marca IKAL,Web,Entregado
375,18,138,Querétaro,2024-07-26,1,Crédito,150.45,Marca IKAL,Web,Entregado
376,60,111,Puebla,2024-07-27,2,Débito,2114.12,Artesano,Facebook,Enviado
377,60,154,Pantepec,2024-07-27,2,Crédito,2114.12,Artesano,Instagram,Entregado
378,137,38,Monterrey,2024-07-27,1,Débito,293.88,Artesano,Instagram,Entregado
379,18,31,Guadalajara,2024-07-27,2,Débito,300.9,Marca IKAL,Facebook,Entregado
380,5,68,Toluca,2024-07-27,1,Crédito,294.72,Marca IKAL,Instagram,Entregado
381,68,109,Pantepec,2024-07-28,1,Crédito,335.5,Artesano,Web,Entregado
382,68,72,CDMX,2024-07-29,1,Crédito,335.5,Artesano,Web,Entregado
383,20,3,CDMX,2024-07-30,1,Crédito,1250.45,Marca IKAL,Web,Enviado
384,60,136,Monterrey,2024-07-30,1,Débito,1057.06,Artesano,Instagram,Entregado
385,16,45,Querétaro,2024-07-30,1,Débito,885.45,Marca IKAL,Instagram,Enviado
386,9,51,Guadalajara,2024-01-08,2,Débito,1885.8,Marca IKAL,Web,Entregado
387,68,79,Monterrey,2024-01-08,1,Débito,335.5,Artesano,Instagram,Entregado
388,88,109,Pantepec,2024-01-08,1,Débito,866.06,Artesano,Facebook,Entregado
389,19,52,Monterrey,2024-02-08,1,Crédito,938.48,Marca IKAL,Facebook,Entregado
390,137,97,CDMX,2024-04-08,1,Débito,293.88,Artesano,Instagram,Entregado
391,68,156,Monterrey,2024-04-08,1,Débito,335.5,Artesano,Facebook,Entregado
392,88,82,Guadalajara,2024-05-08,2,Crédito,1732.12,Artesano,Instagram,Entregado
393,15,141,CDMX,2024-05-08,1,Crédito,705.11,Marca IKAL,WhatsApp,Entregado
394,11,69,Monterrey,2024-07-08,2,Crédito,1193.1,Marca IKAL,Instagram,Cancelado
395,60,118,Monterrey,2024-09-08,1,Crédito,1057.06,Artesano,Web,Entregado
396,68,58,Querétaro,2024-10-08,1,Débito,335.5,Artesano,WhatsApp,Entregado
397,146,105,Xicotepec de Juárez,2024-11-08,2,Débito,598.82,Artesano,Instagram,Entregado
398,137,11,Puebla,2024-11-08,1,Débito,293.88,Artesano,Web,Enviado
399,14,24,CDMX,2024-12-08,1,Crédito,681.09,Marca IKAL,Web,Cancelado
400,13,119,Monterrey,2024-12-08,1,Débito,249.47,Marca IKAL,Facebook,En preparación
401,146,18,Querétaro,2024-12-08,1,Débito,299.41,Artesano,Web,Enviado
402,88,131,Puebla,2024-08-13,1,Débito,866.06,Artesano,Web,Entregado
403,137,81,Xicotepec de Juárez,2024-08-14,1,Débito,293.88,Artesano,Facebook,Entregado
404,42,31,Guadalajara,2024-08-14,2,Débito,1711.04,Artesano,WhatsApp,Entregado
405,42,15,CDMX,2024-08-14,1,Crédito,855.52,Artesano,Instagram,Cancelado
406,12,84,Querétaro,2024-08-15,1,Débito,1049.0,Marca IKAL,Facebook,Entregado
407,60,68,Toluca,2024-08-15,2,Débito,2114.12,Artesano,WhatsApp,Entregado
408,42,73,Querétaro,2024-08-15,1,Crédito,855.52,Artesano,Web,Entregado
409,88,71,Puebla,2024-08-16,1,Débito,866.06,Artesano,Instagram,Entregado
410,13,118,Monterrey,2024-08-16,1,Crédito,249.47,Marca IKAL,Instagram,Enviado
411,146,141,CDMX,2024-08-17,1,Crédito,299.41,Artesano,Web,Entregado
412,68,69,Monterrey,2024-08-17,2,Débito,671.0,Artesano,WhatsApp,Cancelado
413,42,46,Xicotepec de Juárez,2024-08-17,1,Débito,855.52,Artesano,Instagram,Cancelado
414,4,159,Monterrey,2024-08-17,1,Débito,1124.79,Marca IKAL,Facebook,Entregado
415,79,144,CDMX,2024-08-18,1,Crédito,440.88,Artesano,Web,Enviado
416,1,18,Querétaro,2024-08-18,1,Crédito,331.73,Marca IKAL,Instagram,En preparación
417,42,11,Puebla,2024-08-19,1,Débito,855.52,Artesano,Instagram,En preparación
418,137,34,Puebla,2024-08-19,1,Crédito,293.88,Artesano,WhatsApp,Entregado
419,42,126,Monterrey,2024-08-19,1,Crédito,855.52,Artesano,Instagram,Enviado
420,146,5,Xicotepec de Juárez,2024-08-19,1,Crédito,299.41,Artesano,Web,Entregado
421,20,14,CDMX,2024-08-20,1,Crédito,1250.45,Marca IKAL,Instagram,Entregado
422,146,153,Puebla,2024-08-20,1,Crédito,299.41,Artesano,Web,Cancelado
423,22,52,Monterrey,2024-08-21,1,Crédito,920.64,Marca IKAL,Instagram,Entregado
424,2,96,Monterrey,2024-08-21,1,Débito,1027.04,Marca IKAL,Facebook,Entregado
425,2,52,Monterrey,2024-08-22,2,Crédito,2054.08,Marca IKAL,Web,Entregado
426,68,135,Querétaro,2024-08-22,2,Débito,671.0,Artesano,Web,Entregado
427,79,178,Guadalajara,2024-08-22,1,Crédito,440.88,Artesano,Instagram,Entregado
428,79,103,Xicotepec de Juárez,2024-08-23,1,Crédito,440.88,Artesano,Web,Entregado
429,42,79,Monterrey,2024-08-23,1,Débito,855.52,Artesano,Web,Entregado
430,60,92,Xicotepec de Juárez,2024-08-23,1,Crédito,1057.06,Artesano,Instagram,Entregado
431,4,2,Toluca,2024-08-24,1,Crédito,1124.79,Marca IKAL,Web,Entregado
432,42,63,Puebla,2024-08-25,1,Crédito,855.52,Artesano,Instagram,Entregado
433,42,13,Monterrey,2024-08-26,2,Débito,1711.04,Artesano,Facebook,Entregado
434,42,162,Guadalajara,2024-08-26,1,Crédito,855.52,Artesano,Web,Entregado
435,1,2,Toluca,2024-08-26,1,Débito,331.73,Marca IKAL,Facebook,Entregado
436,60,100,Toluca,2024-08-29,1,Crédito,1057.06,Artesano,Instagram,Entregado
437,146,114,Guadalajara,2024-08-30,1,Crédito,299.41,Artesano,Web,Entregado
438,19,127,Guadalajara,2024-08-30,1,Crédito,938.48,Marca IKAL,Facebook,Entregado
439,68,90,Xicotepec de Juárez,2024-08-30,1,Crédito,335.5,Artesano,Instagram,Entregado
440,12,12,Puebla,2024-08-30,1,Crédito,1049.0,Marca IKAL,Instagram,Entregado
441,60,108,Querétaro,2024-08-31,1,Débito,1057.06,Artesano,Instagram,Entregado
442,42,131,Puebla,2024-01-09,1,Crédito,855.52,Artesano,Web,Entregado
443,9,155,Guadalajara,2024-02-09,2,Débito,1885.8,Marca IKAL,Web,Entregado
444,79,6,Puebla,2024-02-09,1,Débito,440.88,Artesano,Web,Entregado
445,22,155,Guadalajara,2024-02-09,1,Crédito,920.64,Marca IKAL,Facebook,Entregado
446,88,182,Monterrey,2024-03-09,1,Crédito,866.06,Artesano,Instagram,Enviado
447,11,153,Puebla,2024-03-09,1,Crédito,596.55,Marca IKAL,Web,Entregado
448,137,49,Guadalajara,2024-03-09,1,Crédito,293.88,Artesano,Facebook,En preparación
449,79,16,Pantepec,2024-03-09,2,Crédito,881.76,Artesano,Web,En preparación
450,79,176,Guadalajara,2024-03-09,2,Crédito,881.76,Artesano,Facebook,Entregado
451,23,108,Querétaro,2024-04-09,1,Crédito,1049.71,Marca IKAL,Web,Entregado
452,68,143,Toluca,2024-04-09,1,Crédito,335.5,Artesano,WhatsApp,Cancelado
453,60,150,Puebla,2024-04-09,1,Crédito,1057.06,Artesano,Web,Entregado
454,68,126,Monterrey,2024-04-09,1,Crédito,335.5,Artesano,Web,Enviado
455,18,121,Pantepec,2024-05-09,2,Débito,300.9,Marca IKAL,Instagram,Entregado
456,15,67,Guadalajara,2024-06-09,1,Débito,705.11,Marca IKAL,Facebook,Entregado
457,42,109,Pantepec,2024-06-09,1,Débito,855.52,Artesano,Web,Entregado
458,60,85,Puebla,2024-07-09,1,Crédito,1057.06,Artesano,Web,Entregado
459,18,128,Toluca,2024-07-09,1,Débito,150.45,Marca IKAL,Web,Entregado
460,146,133,Puebla,2024-08-09,1,Crédito,299.41,Artesano,Web,Enviado
461,146,82,Guadalajara,2024-08-09,1,Débito,299.41,Artesano,Web,Entregado
462,11,66,Guadalajara,2024-08-09,1,Crédito,596.55,Marca IKAL,Web,Enviado
463,9,69,Monterrey,2024-08-09,1,Crédito,942.9,Marca IKAL,Web,Entregado
464,146,176,Guadalajara,2024-09-09,1,Crédito,299.41,Artesano,Instagram,Entregado
465,18,68,Toluca,2024-09-09,1,Crédito,150.45,Marca IKAL,Instagram,Entregado
466,137,102,Querétaro,2024-10-09,1,Crédito,293.88,Artesano,Facebook,Enviado
467,60,147,Querétaro,2024-10-09,1,Crédito,1057.06,Artesano,Web,Entregado
468,60,4,Toluca,2024-11-09,1,Crédito,1057.06,Artesano,Facebook,Entregado
469,79,40,CDMX,2024-11-09,1,Crédito,440.88,Artesano,Web,Entregado
470,31,192,Xicotepec de Juárez,2024-12-09,1,Débito,301.84,Artesano,Instagram,En preparación
471,60,104,Puebla,2024-12-09,1,Crédito,1057.06,Artesano,WhatsApp,Entregado
472,68,120,CDMX,2024-12-09,1,Crédito,335.5,Artesano,Facebook,Entregado
473,16,12,Puebla,2024-09-13,2,Débito,1770.9,Marca IKAL,Instagram,Entregado
474,31,166,Monterrey,2024-09-13,1,Crédito,301.84,Artesano,Web,Entregado
475,146,3,CDMX,2024-09-13,1,Débito,299.41,Artesano,Instagram,Entregado
476,5,81,Xicotepec de Juárez,2024-09-13,1,Crédito,294.72,Marca IKAL,Instagram,Entregado
477,146,138,Querétaro,2024-09-13,1,Crédito,299.41,Artesano,Facebook,Entregado
478,5,60,Querétaro,2024-09-14,1,Crédito,294.72,Marca IKAL,Facebook,Entregado
479,60,88,Xicotepec de Juárez,2024-09-14,2,Crédito,2114.12,Artesano,Instagram,Entregado
480,137,152,Xicotepec de Juárez,2024-09-15,1,Débito,293.88,Artesano,Facebook,Entregado
481,88,187,Monterrey,2024-09-16,1,Crédito,866.06,Artesano,Web,Entregado
482,137,135,Querétaro,2024-09-16,1,Crédito,293.88,Artesano,Web,En preparación
483,20,102,Querétaro,2024-09-16,1,Crédito,1250.45,Marca IKAL,Web,Entregado
484,146,35,Querétaro,2024-09-17,1,Crédito,299.41,Artesano,Web,Entregado
485,18,161,Puebla,2024-09-17,1,Crédito,150.45,Marca IKAL,Web,Entregado
486,60,25,Monterrey,2024-09-18,1,Crédito,1057.06,Artesano,Instagram,Enviado
487,146,89,Xicotepec de Juárez,2024-09-19,1,Débito,299.41,Artesano,Web,Entregado
488,2,117,CDMX,2024-09-19,1,Crédito,1027.04,Marca IKAL,Facebook,Entregado
489,31,43,Puebla,2024-09-20,1,Crédito,301.84,Artesano,Web,Entregado
490,11,140,Monterrey,2024-09-20,2,Débito,1193.1,Marca IKAL,WhatsApp,En preparación
491,18,154,Pantepec,2024-09-20,1,Débito,150.45,Marca IKAL,Web,Entregado
492,68,67,Guadalajara,2024-09-21,1,Crédito,335.5,Artesano,Web,Entregado
493,60,126,Monterrey,2024-09-21,1,Débito,1057.06,Artesano,Facebook,Entregado
494,18,82,Guadalajara,2024-09-21,1,Débito,150.45,Marca IKAL,Instagram,Cancelado
495,31,17,Querétaro,2024-09-22,1,Crédito,301.84,Artesano,Facebook,Entregado
496,85,31,Guadalajara,2024-09-22,1,Crédito,648.37,Artesano,Web,Entregado
497,31,112,Querétaro,2024-09-25,1,Crédito,301.84,Artesano,Facebook,Entregado
498,22,19,Xicotepec de Juárez,2024-09-25,2,Débito,1841.28,Marca IKAL,Web,En preparación
499,42,166,Monterrey,2024-09-25,1,Crédito,855.52,Artesano,Instagram,Entregado
500,10,196,Puebla,2024-09-26,1,Débito,979.72,Marca IKAL,Instagram,Entregado
501,12,61,CDMX,2024-09-26,2,Débito,2098.0,Marca IKAL,Web,Enviado
502,42,107,Querétaro,2024-09-26,1,Débito,855.52,Artesano,Facebook,Entregado
503,146,94,Querétaro,2024-09-26,1,Crédito,299.41,Artesano,Facebook,Enviado
504,19,140,Monterrey,2024-09-28,1,Crédito,938.48,Marca IKAL,WhatsApp,En preparación
505,5,84,Querétaro,2024-09-28,2,Débito,589.44,Marca IKAL,Instagram,Entregado
506,68,28,Guadalajara,2024-09-28,2,Débito,671.0,Artesano,Facebook,Entregado
507,4,11,Puebla,2024-09-29,1,Crédito,1124.79,Marca IKAL,Web,Entregado
508,1,38,Monterrey,2024-09-29,1,Crédito,331.73,Marca IKAL,Web,Entregado
509,16,1,CDMX,2024-09-30,1,Crédito,885.45,Marca IKAL,Web,Enviado
510,5,91,CDMX,2024-09-30,1,Crédito,294.72,Marca IKAL,Web,Entregado
511,1,95,Querétaro,2024-09-30,1,Crédito,331.73,Marca IKAL,Instagram,Entregado
512,42,70,Puebla,2024-10-01,2,Crédito,1711.04,Artesano,Facebook,Entregado
513,79,30,Querétaro,2024-01-10,1,Crédito,440.88,Artesano,WhatsApp,En preparación
514,79,30,Querétaro,2024-02-10,1,Crédito,440.88,Artesano,Web,Entregado
515,112,35,Querétaro,2024-03-10,1,Crédito,144.75,Artesano,Facebook,Entregado
516,112,104,Puebla,2024-04-10,1,Crédito,144.75,Artesano,Web,Entregado
517,60,96,Monterrey,2024-04-10,1,Crédito,1057.06,Artesano,Web,Entregado
518,36,185,Xicotepec de Juárez,2024-04-10,1,Crédito,853.51,Artesano,WhatsApp,En preparación
519,10,45,Querétaro,2024-05-10,2,Crédito,1959.44,Marca IKAL,Web,Entregado
520,112,171,CDMX,2024-05-10,1,Débito,144.75,Artesano,Web,Entregado
521,11,126,Monterrey,2024-05-10,1,Débito,596.55,Marca IKAL,Instagram,Entregado
522,88,102,Querétaro,2024-06-10,1,Crédito,866.06,Artesano,Web,Entregado
523,68,183,Toluca,2024-07-10,1,Crédito,335.5,Artesano,Facebook,Entregado
524,79,79,Monterrey,2024-07-10,1,Crédito,440.88,Artesano,Instagram,Entregado
525,68,100,Toluca,2024-07-10,1,Débito,335.5,Artesano,Instagram,Entregado
526,68,174,Toluca,2024-08-10,1,Crédito,335.5,Artesano,Web,Entregado
527,13,36,Monterrey,2024-08-10,1,Débito,249.47,Marca IKAL,Instagram,Entregado
528,85,69,Monterrey,2024-08-10,1,Crédito,648.37,Artesano,Instagram,Entregado
529,146,181,Pantepec,2024-08-10,1,Crédito,299.41,Artesano,Instagram,Entregado
530,137,208,CDMX,2024-08-10,1,Débito,293.88,Artesano,WhatsApp,Entregado
531,14,66,Guadalajara,2024-08-10,1,Débito,681.09,Marca IKAL,Web,Enviado
532,85,103,Xicotepec de Juárez,2024-09-10,2,Crédito,1296.74,Artesano,Instagram,Entregado
533,13,192,Xicotepec de Juárez,2024-09-10,2,Débito,498.94,Marca IKAL,Web,Entregado
534,36,58,Querétaro,2024-09-10,2,Crédito,1707.02,Artesano,Web,Entregado
535,85,186,Querétaro,2024-10-10,1,Crédito,648.37,Artesano,Web,Entregado
536,16,88,Xicotepec de Juárez,2024-10-10,1,Crédito,885.45,Marca IKAL,Web,Entregado
537,14,148,Toluca,2024-10-10,1,Débito,681.09,Marca IKAL,Web,Entregado
538,79,117,CDMX,2024-11-10,1,Crédito,440.88,Artesano,Web,Entregado
539,112,106,Toluca,2024-11-10,1,Crédito,144.75,Artesano,Web,Entregado
540,15,110,Puebla,2024-12-10,2,Débito,1410.22,Marca IKAL,Instagram,Cancelado
541,146,57,Monterrey,2024-12-10,1,Crédito,299.41,Artesano,Web,Entregado
542,11,131,Puebla,2024-12-10,1,Débito,596.55,Marca IKAL,Instagram,En preparación
543,137,155,Guadalajara,2024-10-13,1,Crédito,293.88,Artesano,Web,Cancelado
544,85,140,Monterrey,2024-10-13,2,Débito,1296.74,Artesano,Web,Entregado
545,20,28,Guadalajara,2024-10-13,1,Crédito,1250.45,Marca IKAL,Instagram,Entregado
546,112,194,Puebla,2024-10-13,1,Débito,144.75,Artesano,Web,Cancelado
547,68,66,Guadalajara,2024-10-14,2,Débito,671.0,Artesano,Web,Entregado
548,85,213,Querétaro,2024-10-15,2,Débito,1296.74,Artesano,Web,Entregado
549,31,63,Puebla,2024-10-15,1,Débito,301.84,Artesano,Web,Entregado
550,10,7,Monterrey,2024-10-15,1,Débito,979.72,Marca IKAL,Web,Entregado
551,85,139,Monterrey,2024-10-16,1,Crédito,648.37,Artesano,Web,Cancelado
552,42,212,Xicotepec de Juárez,2024-10-16,1,Débito,855.52,Artesano,Facebook,En preparación
553,85,174,Toluca,2024-10-16,1,Crédito,648.37,Artesano,Web,Enviado
554,88,87,CDMX,2024-10-17,1,Débito,866.06,Artesano,WhatsApp,Entregado
555,98,152,Xicotepec de Juárez,2024-10-18,1,Débito,151.34,Artesano,Instagram,En preparación
556,79,21,Puebla,2024-10-18,1,Débito,440.88,Artesano,Web,Entregado
557,146,78,Xicotepec de Juárez,2024-10-18,1,Crédito,299.41,Artesano,Facebook,Entregado
558,22,144,CDMX,2024-10-19,1,Crédito,920.64,Marca IKAL,Web,Entregado
559,31,170,CDMX,2024-10-20,2,Crédito,603.68,Artesano,Instagram,Cancelado
560,19,44,Monterrey,2024-10-20,1,Crédito,938.48,Marca IKAL,Instagram,Entregado
561,31,149,CDMX,2024-10-21,1,Débito,301.84,Artesano,Facebook,Cancelado
562,85,147,Querétaro,2024-10-21,1,Débito,648.37,Artesano,Web,Enviado
563,12,186,Querétaro,2024-10-22,1,Débito,1049.0,Marca IKAL,WhatsApp,Enviado
564,36,29,CDMX,2024-10-22,1,Crédito,853.51,Artesano,Web,Enviado
565,31,200,Toluca,2024-10-23,1,Débito,301.84,Artesano,Web,Entregado
566,19,172,Toluca,2024-10-24,1,Crédito,938.48,Marca IKAL,Instagram,Entregado
567,1,46,Xicotepec de Juárez,2024-10-24,1,Crédito,331.73,Marca IKAL,Instagram,Enviado
568,10,220,Monterrey,2024-10-24,1,Crédito,979.72,Marca IKAL,Instagram,Entregado
569,88,5,Xicotepec de Juárez,2024-10-24,1,Crédito,866.06,Artesano,Web,Entregado
570,137,206,Monterrey,2024-10-25,1,Débito,293.88,Artesano,Instagram,Entregado
571,112,38,Monterrey,2024-10-25,1,Débito,144.75,Artesano,Web,Entregado
572,14,48,CDMX,2024-10-26,1,Débito,681.09,Marca IKAL,Facebook,Entregado
573,98,37,CDMX,2024-10-28,1,Crédito,151.34,Artesano,Instagram,Entregado
574,144,98,Monterrey,2024-10-28,1,Crédito,1152.21,Artesano,Facebook,Entregado
575,68,219,Puebla,2024-10-28,2,Débito,671.0,Artesano,Instagram,Entregado
576,60,17,Querétaro,2024-10-29,1,Débito,1057.06,Artesano,Instagram,Entregado
577,20,70,Puebla,2024-10-29,1,Débito,1250.45,Marca IKAL,Web,Entregado
578,146,99,CDMX,2024-10-29,1,Débito,299.41,Artesano,Facebook,Entregado
579,11,43,Puebla,2024-10-30,1,Crédito,596.55,Marca IKAL,Facebook,Entregado
580,36,111,Puebla,2024-10-30,1,Débito,853.51,Artesano,Facebook,Entregado
581,88,115,Querétaro,2024-10-30,1,Crédito,866.06,Artesano,Web,Entregado
582,4,74,Puebla,2024-10-30,1,Crédito,1124.79,Marca IKAL,Web,Entregado
583,144,96,Monterrey,2024-10-30,1,Crédito,1152.21,Artesano,Instagram,Entregado
584,146,75,CDMX,2024-10-31,1,Débito,299.41,Artesano,Facebook,Entregado
585,20,165,Querétaro,2024-10-31,1,Débito,1250.45,Marca IKAL,Instagram,Enviado
586,88,35,Querétaro,2024-01-11,2,Débito,1732.12,Artesano,Instagram,En preparación
587,9,17,Querétaro,2024-01-11,1,Crédito,942.9,Marca IKAL,Instagram,Entregado
588,10,56,Querétaro,2024-01-11,1,Crédito,979.72,Marca IKAL,Instagram,Entregado
589,4,33,Guadalajara,2024-01-11,1,Débito,1124.79,Marca IKAL,Instagram,En preparación
590,16,131,Puebla,2024-02-11,1,Débito,885.45,Marca IKAL,Web,Entregado
591,112,41,Monterrey,2024-11-02,1,Crédito,144.75,Artesano,Web,Entregado
592,88,214,Guadalajara,2024-02-11,1,Crédito,866.06,Artesano,Facebook,Entregado
593,60,135,Querétaro,2024-02-11,1,Crédito,1057.06,Artesano,Facebook,Entregado
594,146,31,Guadalajara,2024-02-11,1,Crédito,299.41,Artesano,WhatsApp,Enviado
595,112,70,Puebla,2024-03-11,1,Débito,144.75,Artesano,Web,Entregado
596,4,96,Monterrey,2024-03-11,1,Crédito,1124.79,Marca IKAL,Instagram,Entregado
597,137,33,Guadalajara,2024-03-11,1,Débito,293.88,Artesano,Web,Entregado
598,42,158,CDMX,2024-03-11,1,Crédito,855.52,Artesano,Facebook,Enviado
599,31,126,Monterrey,2024-03-11,1,Débito,301.84,Artesano,WhatsApp,Entregado
600,9,87,CDMX,2024-03-11,1,Débito,942.9,Marca IKAL,Web,Entregado
601,79,127,Guadalajara,2024-04-11,1,Crédito,440.88,Artesano,Web,Entregado
602,20,25,Monterrey,2024-04-11,1,Débito,1250.45,Marca IKAL,Web,Entregado
603,144,104,Puebla,2024-04-11,1,Crédito,1152.21,Artesano,Web,Entregado
604,68,84,Querétaro,2024-04-11,2,Crédito,671.0,Artesano,WhatsApp,Entregado
605,85,221,Toluca,2024-04-11,1,Crédito,648.37,Artesano,Web,Entregado
606,144,110,Puebla,2024-04-11,1,Débito,1152.21,Artesano,WhatsApp,En preparación
607,79,1,CDMX,2024-04-11,1,Crédito,440.88,Artesano,Facebook,Entregado
608,4,75,CDMX,2024-04-11,2,Débito,2249.58,Marca IKAL,Web,Entregado
609,112,194,Puebla,2024-04-11,1,Débito,144.75,Artesano,WhatsApp,Entregado
610,18,9,Toluca,2024-05-11,2,Débito,300.9,Marca IKAL,Instagram,Enviado
611,79,215,Toluca,2024-05-11,1,Débito,440.88,Artesano,Instagram,Enviado
612,14,190,Puebla,2024-05-11,1,Crédito,681.09,Marca IKAL,Instagram,Cancelado
613,31,118,Monterrey,2024-05-11,1,Débito,301.84,Artesano,Facebook,Entregado
614,144,134,Querétaro,2024-05-11,1,Débito,1152.21,Artesano,WhatsApp,Entregado
615,36,232,CDMX,2024-05-11,1,Débito,853.51,Artesano,Instagram,Entregado
616,23,30,Querétaro,2024-06-11,1,Crédito,1049.71,Marca IKAL,Web,Entregado
617,36,54,Xicotepec de Juárez,2024-06-11,1,Crédito,853.51,Artesano,Instagram,Enviado
618,36,205,CDMX,2024-06-11,1,Débito,853.51,Artesano,Web,Entregado
619,85,11,Puebla,2024-06-11,1,Débito,648.37,Artesano,Instagram,Entregado
620,146,175,CDMX,2024-06-11,1,Crédito,299.41,Artesano,Web,Entregado
621,23,183,Toluca,2024-07-11,1,Crédito,1049.71,Marca IKAL,Instagram,Entregado
622,19,131,Puebla,2024-07-11,1,Crédito,938.48,Marca IKAL,Instagram,Cancelado
623,102,85,Puebla,2024-08-11,1,Débito,813.91,Artesano,Web,Entregado
624,36,236,Querétaro,2024-08-11,1,Crédito,853.51,Artesano,Web,En preparación
625,36,16,Pantepec,2024-09-11,1,Crédito,853.51,Artesano,Facebook,Entregado
626,102,182,Monterrey,2024-09-11,1,Débito,813.91,Artesano,Facebook,Entregado
627,137,232,CDMX,2024-09-11,1,Débito,293.88,Artesano,Web,Enviado
628,68,80,Monterrey,2024-10-11,2,Débito,671.0,Artesano,Instagram,Entregado
629,4,94,Querétaro,2024-10-11,1,Crédito,1124.79,Marca IKAL,Instagram,Entregado
630,15,240,Toluca,2024-10-11,1,Débito,705.11,Marca IKAL,Facebook,Cancelado
631,79,191,Xicotepec de Juárez,2024-10-11,1,Crédito,440.88,Artesano,Instagram,Entregado
632,6,194,Puebla,2024-10-11,1,Crédito,240.8,Marca IKAL,Instagram,En preparación
633,2,172,Toluca,2024-10-11,1,Crédito,1027.04,Marca IKAL,Facebook,En preparación
634,15,75,CDMX,2024-10-11,1,Crédito,705.11,Marca IKAL,Web,Entregado
635,146,161,Puebla,2024-11-11,1,Crédito,299.41,Artesano,Facebook,Entregado
636,112,216,Puebla,2024-11-11,1,Crédito,144.75,Artesano,Web,Entregado
637,98,165,Querétaro,2024-11-11,2,Crédito,302.68,Artesano,Web,En preparación
638,68,150,Puebla,2024-11-11,1,Débito,335.5,Artesano,Web,Entregado
639,60,226,Guadalajara,2024-12-11,1,Crédito,1057.06,Artesano,Web,Entregado
640,144,77,Xicotepec de Juárez,2024-12-11,1,Crédito,1152.21,Artesano,Web,Entregado
641,60,125,Toluca,2024-12-11,1,Crédito,1057.06,Artesano,Instagram,Entregado
642,10,165,Querétaro,2024-12-11,1,Débito,979.72,Marca IKAL,Facebook,Enviado
643,112,145,Puebla,2024-12-11,2,Débito,289.5,Artesano,Facebook,Entregado
644,14,219,Puebla,2024-12-11,1,Crédito,681.09,Marca IKAL,Facebook,Entregado
645,85,135,Querétaro,2024-12-11,1,Débito,648.37,Artesano,Instagram,Entregado
646,68,37,CDMX,2024-11-13,1,Débito,335.5,Artesano,Instagram,Entregado
647,88,78,Xicotepec de Juárez,2024-11-13,1,Débito,866.06,Artesano,Facebook,En preparación
648,137,131,Puebla,2024-11-13,2,Crédito,587.76,Artesano,Instagram,Entregado
649,14,150,Puebla,2024-11-13,1,Débito,681.09,Marca IKAL,Instagram,Entregado
650,102,129,Monterrey,2024-11-13,1,Crédito,813.91,Artesano,Instagram,Entregado
651,137,97,CDMX,2024-11-13,1,Débito,293.88,Artesano,Instagram,Entregado
652,79,134,Querétaro,2024-11-13,1,Débito,440.88,Artesano,Web,Entregado
653,18,192,Xicotepec de Juárez,2024-11-13,1,Crédito,150.45,Marca IKAL,Facebook,Entregado
654,14,47,CDMX,2024-11-14,1,Débito,681.09,Marca IKAL,Instagram,Entregado
655,14,198,CDMX,2024-11-14,1,Débito,681.09,Marca IKAL,Instagram,Entregado
656,36,134,Querétaro,2024-11-14,1,Débito,853.51,Artesano,Instagram,Entregado
657,137,55,Guadalajara,2024-11-14,2,Débito,587.76,Artesano,Instagram,Enviado
658,1,166,Monterrey,2024-11-14,1,Débito,331.73,Marca IKAL,WhatsApp,Entregado
659,85,21,Puebla,2024-11-14,1,Crédito,648.37,Artesano,Instagram,Entregado
660,79,127,Guadalajara,2024-11-15,1,Débito,440.88,Artesano,Instagram,Entregado
661,31,106,Toluca,2024-11-15,1,Débito,301.84,Artesano,Facebook,Cancelado
662,42,107,Querétaro,2024-11-15,1,Débito,855.52,Artesano,Facebook,Entregado
663,112,160,Guadalajara,2024-11-15,1,Crédito,144.75,Artesano,Web,Entregado
664,112,79,Monterrey,2024-11-15,1,Crédito,144.75,Artesano,Web,Entregado
665,60,20,Toluca,2024-11-16,1,Débito,1057.06,Artesano,Facebook,Entregado
666,102,234,Monterrey,2024-11-16,1,Crédito,813.91,Artesano,Web,Entregado
667,12,57,Monterrey,2024-11-16,1,Crédito,1049.0,Marca IKAL,Web,Cancelado
668,88,71,Puebla,2024-11-16,1,Débito,866.06,Artesano,WhatsApp,Entregado
669,88,114,Guadalajara,2024-11-16,1,Débito,866.06,Artesano,Instagram,Cancelado
670,60,173,Querétaro,2024-11-16,1,Débito,1057.06,Artesano,Web,En preparación
671,4,138,Querétaro,2024-11-17,1,Crédito,1124.79,Marca IKAL,Web,Enviado
672,13,190,Puebla,2024-11-17,1,Débito,249.47,Marca IKAL,Web,Entregado
673,4,134,Querétaro,2024-11-17,1,Débito,1124.79,Marca IKAL,Web,Entregado
674,146,18,Querétaro,2024-11-17,1,Crédito,299.41,Artesano,WhatsApp,Entregado
675,112,167,Toluca,2024-11-17,2,Débito,289.5,Artesano,WhatsApp,Entregado
676,2,234,Monterrey,2024-11-18,1,Débito,1027.04,Marca IKAL,Instagram,Cancelado
677,102,163,Monterrey,2024-11-18,1,Débito,813.91,Artesano,Instagram,Entregado
678,18,242,Xicotepec de Juárez,2024-11-18,1,Crédito,150.45,Marca IKAL,Web,Entregado
679,5,70,Puebla,2024-11-18,1,Crédito,294.72,Marca IKAL,Web,En preparación
680,146,150,Puebla,2024-11-18,2,Débito,598.82,Artesano,Facebook,Entregado
681,68,187,Monterrey,2024-11-18,2,Débito,671.0,Artesano,Web,Entregado
682,5,131,Puebla,2024-11-19,1,Crédito,294.72,Marca IKAL,Web,Entregado
683,19,237,CDMX,2024-11-19,1,Débito,938.48,Marca IKAL,Instagram,Entregado
684,16,113,Toluca,2024-11-20,1,Crédito,885.45,Marca IKAL,Instagram,Cancelado
685,149,127,Guadalajara,2024-11-20,1,Crédito,339.62,Artesano,Facebook,Entregado
686,137,72,CDMX,2024-11-20,1,Débito,293.88,Artesano,Web,Enviado
687,16,76,CDMX,2024-11-20,1,Crédito,885.45,Marca IKAL,WhatsApp,Entregado
688,42,222,CDMX,2024-11-20,1,Crédito,855.52,Artesano,Instagram,Entregado
689,149,240,Toluca,2024-11-20,1,Crédito,339.62,Artesano,Web,Entregado
690,42,129,Monterrey,2024-11-20,1,Débito,855.52,Artesano,Web,Entregado
691,23,87,CDMX,2024-11-20,1,Crédito,1049.71,Marca IKAL,Web,Entregado
692,14,211,Guadalajara,2024-11-20,1,Crédito,681.09,Marca IKAL,Instagram,Entregado
693,144,41,Monterrey,2024-11-21,1,Débito,1152.21,Artesano,Facebook,En preparación
694,149,161,Puebla,2024-11-21,2,Débito,679.24,Artesano,Web,Entregado
695,144,158,CDMX,2024-11-21,1,Débito,1152.21,Artesano,Instagram,Entregado
696,98,17,Querétaro,2024-11-21,1,Débito,151.34,Artesano,Instagram,Entregado
697,16,133,Puebla,2024-11-21,1,Débito,885.45,Marca IKAL,Web,Entregado
698,98,65,CDMX,2024-11-21,1,Débito,151.34,Artesano,Facebook,En preparación
699,5,126,Monterrey,2024-11-22,1,Débito,294.72,Marca IKAL,Web,Entregado
700,98,223,Puebla,2024-11-22,1,Débito,151.34,Artesano,Web,Entregado
701,79,126,Monterrey,2024-11-22,1,Débito,440.88,Artesano,Instagram,Enviado
702,85,110,Puebla,2024-11-22,1,Crédito,648.37,Artesano,WhatsApp,Entregado
703,137,96,Monterrey,2024-11-22,1,Débito,293.88,Artesano,Facebook,Entregado
704,144,75,CDMX,2024-11-23,1,Crédito,1152.21,Artesano,Instagram,Entregado
705,149,217,Xicotepec de Juárez,2024-11-23,1,Débito,339.62,Artesano,Web,Entregado
706,88,16,Pantepec,2024-11-23,2,Débito,1732.12,Artesano,Web,Enviado
707,98,87,CDMX,2024-11-23,2,Crédito,302.68,Artesano,Web,Entregado
708,4,101,Puebla,2024-11-23,1,Crédito,1124.79,Marca IKAL,Web,Entregado
709,68,199,Monterrey,2024-11-24,1,Débito,335.5,Artesano,Instagram,Entregado
710,149,133,Puebla,2024-11-24,1,Débito,339.62,Artesano,Web,Entregado
711,4,126,Monterrey,2024-11-24,1,Débito,1124.79,Marca IKAL,Facebook,Cancelado
712,68,134,Querétaro,2024-11-24,1,Crédito,335.5,Artesano,Web,Cancelado
713,85,163,Monterrey,2024-11-24,1,Débito,648.37,Artesano,Facebook,Entregado
714,31,211,Guadalajara,2024-11-24,1,Crédito,301.84,Artesano,Instagram,Entregado
715,42,4,Toluca,2024-11-24,1,Crédito,855.52,Artesano,Web,Entregado
716,102,23,Guadalajara,2024-11-24,2,Débito,1627.82,Artesano,Instagram,En preparación
717,9,214,Guadalajara,2024-11-25,1,Crédito,942.9,Marca IKAL,Instagram,Entregado
718,2,53,Guadalajara,2024-11-25,1,Débito,1027.04,Marca IKAL,WhatsApp,Entregado
719,19,88,Xicotepec de Juárez,2024-11-26,1,Crédito,938.48,Marca IKAL,Web,Enviado
720,79,136,Monterrey,2024-11-26,1,Crédito,440.88,Artesano,Instagram,Entregado
721,88,209,CDMX,2024-11-26,1,Débito,866.06,Artesano,Instagram,Entregado
722,88,130,CDMX,2024-11-26,2,Débito,1732.12,Artesano,Instagram,Entregado
723,13,91,CDMX,2024-11-26,1,Débito,249.47,Marca IKAL,Facebook,En preparación
724,4,8,Xicotepec de Juárez,2024-11-27,1,Crédito,1124.79,Marca IKAL,Web,Entregado
725,146,99,CDMX,2024-11-27,1,Crédito,299.41,Artesano,Web,Entregado
726,149,157,CDMX,2024-11-27,1,Crédito,339.62,Artesano,Instagram,Entregado
727,137,189,Puebla,2024-11-27,1,Crédito,293.88,Artesano,Instagram,Entregado
728,42,115,Querétaro,2024-11-27,1,Crédito,855.52,Artesano,Instagram,Cancelado
729,88,224,Toluca,2024-11-27,1,Débito,866.06,Artesano,Instagram,Entregado
730,79,197,Guadalajara,2024-11-27,1,Crédito,440.88,Artesano,Web,Entregado
731,12,55,Guadalajara,2024-11-27,1,Débito,1049.0,Marca IKAL,Instagram,Entregado
732,5,31,Guadalajara,2024-11-27,2,Débito,589.44,Marca IKAL,Web,Entregado
733,102,54,Xicotepec de Juárez,2024-11-27,1,Débito,813.91,Artesano,Instagram,En preparación
734,22,116,Monterrey,2024-11-28,1,Crédito,920.64,Marca IKAL,WhatsApp,Entregado
735,85,104,Puebla,2024-11-28,2,Débito,1296.74,Artesano,Web,Cancelado
736,144,206,Monterrey,2024-11-28,1,Débito,1152.21,Artesano,Web,Entregado
737,20,20,Toluca,2024-11-28,1,Débito,1250.45,Marca IKAL,Web,En preparación
738,19,51,Guadalajara,2024-11-28,1,Crédito,938.48,Marca IKAL,Web,En preparación
739,11,24,CDMX,2024-11-28,1,Crédito,596.55,Marca IKAL,Facebook,Entregado
740,88,95,Querétaro,2024-11-29,1,Crédito,866.06,Artesano,Facebook,Entregado
741,149,123,Querétaro,2024-11-29,2,Crédito,679.24,Artesano,Web,Enviado
742,85,45,Querétaro,2024-11-29,1,Débito,648.37,Artesano,Instagram,En preparación
743,88,65,CDMX,2024-11-29,1,Crédito,866.06,Artesano,Facebook,Entregado
744,98,58,Querétaro,2024-11-30,1,Crédito,151.34,Artesano,Facebook,Entregado
745,144,72,CDMX,2024-11-30,1,Crédito,1152.21,Artesano,WhatsApp,En preparación
746,68,80,Monterrey,2024-11-30,2,Crédito,671.0,Artesano,Instagram,Entregado
747,60,245,Toluca,2024-11-30,1,Débito,1057.06,Artesano,Instagram,Entregado
748,79,51,Guadalajara,2024-11-30,1,Débito,440.88,Artesano,Instagram,En preparación
749,42,226,Guadalajara,2024-11-30,1,Crédito,855.52,Artesano,Instagram,Entregado
750,22,26,Guadalajara,2024-11-30,1,Débito,920.64,Marca IKAL,Facebook,Entregado
751,14,205,CDMX,2024-11-30,1,Débito,681.09,Marca IKAL,Web,Entregado
752,98,224,Toluca,2024-11-30,1,Débito,151.34,Artesano,Web,Enviado
753,42,201,Monterrey,2024-11-30,2,Débito,1711.04,Artesano,Web,Enviado
754,23,98,Monterrey,2024-11-30,1,Débito,1049.71,Marca IKAL,Web,Entregado
755,68,218,Guadalajara,2024-11-30,1,Débito,335.5,Artesano,Facebook,Entregado
756,4,251,Monterrey,2024-01-12,1,Crédito,1124.79,Marca IKAL,Web,Entregado
757,102,178,Guadalajara,2024-01-12,1,Crédito,813.91,Artesano,Facebook,Entregado
758,1,207,Xicotepec de Juárez,2024-01-12,1,Débito,331.73,Marca IKAL,Web,Enviado
759,6,102,Querétaro,2024-01-12,1,Débito,240.8,Marca IKAL,WhatsApp,Entregado
760,42,21,Puebla,2024-12-01,1,Débito,855.52,Artesano,Facebook,Entregado
761,9,101,Puebla,2024-01-12,1,Débito,942.9,Marca IKAL,Instagram,Entregado
762,85,92,Xicotepec de Juárez,2024-01-12,1,Crédito,648.37,Artesano,Instagram,Entregado
763,9,121,Pantepec,2024-01-12,2,Crédito,1885.8,Marca IKAL,Facebook,Entregado
764,36,255,Xicotepec de Juárez,2024-02-12,1,Débito,853.51,Artesano,Web,Entregado
765,62,139,Monterrey,2024-02-12,1,Débito,538.39,Artesano,Facebook,Entregado
766,102,190,Puebla,2024-02-12,1,Débito,813.91,Artesano,WhatsApp,Entregado
767,137,6,Puebla,2024-02-12,1,Débito,293.88,Artesano,Instagram,Entregado
768,102,48,CDMX,2024-03-12,1,Crédito,813.91,Artesano,Instagram,Enviado
769,2,10,CDMX,2024-03-12,1,Crédito,1027.04,Marca IKAL,Facebook,Entregado
770,144,35,Querétaro,2024-03-12,1,Débito,1152.21,Artesano,Web,En preparación
771,112,168,Monterrey,2024-03-12,1,Débito,144.75,Artesano,Instagram,Entregado
772,98,231,Xicotepec de Juárez,2024-04-12,1,Crédito,151.34,Artesano,Facebook,Entregado
773,68,106,Toluca,2024-12-04,1,Débito,335.5,Artesano,Web,Entregado
774,22,119,Monterrey,2024-04-12,1,Crédito,920.64,Marca IKAL,Instagram,Cancelado
775,68,77,Xicotepec de Juárez,2024-04-12,2,Débito,671.0,Artesano,Facebook,Enviado
776,98,132,Puebla,2024-04-12,1,Crédito,151.34,Artesano,Web,Entregado
777,149,88,Xicotepec de Juárez,2024-04-12,1,Crédito,339.62,Artesano,Facebook,Entregado
778,85,137,CDMX,2024-04-12,1,Crédito,648.37,Artesano,Facebook,Entregado
779,31,175,CDMX,2024-05-12,1,Crédito,301.84,Artesano,Web,Enviado
780,18,59,Pantepec,2024-05-12,1,Crédito,150.45,Marca IKAL,Instagram,Enviado
781,6,226,Guadalajara,2024-12-06,1,Débito,240.8,Marca IKAL,Facebook,Entregado
782,14,120,CDMX,2024-06-12,1,Débito,681.09,Marca IKAL,Instagram,Cancelado
783,95,123,Querétaro,2024-06-12,2,Débito,1730.92,Artesano,Facebook,Entregado
784,13,256,Puebla,2024-07-12,1,Débito,249.47,Marca IKAL,Web,Entregado
785,13,180,CDMX,2024-07-12,1,Crédito,249.47,Marca IKAL,Facebook,Entregado
786,98,185,Xicotepec de Juárez,2024-12-07,1,Crédito,151.34,Artesano,Web,En preparación
787,68,45,Querétaro,2024-07-12,1,Débito,335.5,Artesano,Web,Enviado
788,36,100,Toluca,2024-07-12,1,Débito,853.51,Artesano,Facebook,Entregado
789,42,98,Monterrey,2024-08-12,1,Débito,855.52,Artesano,Web,Entregado
790,79,6,Puebla,2024-08-12,1,Crédito,440.88,Artesano,Instagram,Entregado
791,144,187,Monterrey,2024-08-12,1,Crédito,1152.21,Artesano,Web,Enviado
792,18,4,Toluca,2024-08-12,1,Débito,150.45,Marca IKAL,Web,Entregado
793,146,209,CDMX,2024-09-12,1,Crédito,299.41,Artesano,Facebook,Entregado
794,98,59,Pantepec,2024-09-12,1,Crédito,151.34,Artesano,WhatsApp,Entregado
795,146,208,CDMX,2024-09-12,1,Crédito,299.41,Artesano,Instagram,Entregado
796,6,175,CDMX,2024-09-12,2,Crédito,481.6,Marca IKAL,Web,Entregado
797,68,176,Guadalajara,2024-09-12,1,Débito,335.5,Artesano,Instagram,Cancelado
798,98,122,Puebla,2024-09-12,2,Débito,302.68,Artesano,WhatsApp,Entregado
799,36,242,Xicotepec de Juárez,2024-10-12,1,Crédito,853.51,Artesano,WhatsApp,Enviado
800,31,257,CDMX,2024-10-12,1,Crédito,301.84,Artesano,Instagram,Entregado
801,2,197,Guadalajara,2024-10-12,2,Crédito,2054.08,Marca IKAL,WhatsApp,Entregado
802,144,240,Toluca,2024-10-12,1,Crédito,1152.21,Artesano,Instagram,Entregado
803,62,216,Puebla,2024-10-12,1,Débito,538.39,Artesano,Web,Enviado
804,88,168,Monterrey,2024-10-12,1,Crédito,866.06,Artesano,WhatsApp,Entregado
805,20,151,CDMX,2024-10-12,1,Crédito,1250.45,Marca IKAL,Web,En preparación
806,137,6,Puebla,2024-11-12,1,Débito,293.88,Artesano,Web,Cancelado
807,79,62,Toluca,2024-11-12,1,Crédito,440.88,Artesano,Web,En preparación
808,13,53,Guadalajara,2024-11-12,2,Débito,498.94,Marca IKAL,Facebook,Entregado
809,9,208,CDMX,2024-11-12,1,Crédito,942.9,Marca IKAL,Web,Entregado
810,88,70,Puebla,2024-11-12,1,Crédito,866.06,Artesano,Web,Entregado
811,98,53,Guadalajara,2024-12-11,2,Débito,302.68,Artesano,Web,Enviado
812,6,39,CDMX,2024-11-12,1,Débito,240.8,Marca IKAL,Instagram,Entregado
813,95,248,CDMX,2024-12-12,1,Débito,865.46,Artesano,Facebook,Entregado
814,137,184,Guadalajara,2024-12-12,1,Crédito,293.88,Artesano,Instagram,Cancelado
815,112,11,Puebla,2024-12-12,2,Débito,289.5,Artesano,Web,Entregado
816,149,45,Querétaro,2024-12-12,1,Débito,339.62,Artesano,Web,Entregado
817,23,100,Toluca,2024-12-13,1,Crédito,1049.71,Marca IKAL,Instagram,En preparación
818,68,15,CDMX,2024-12-13,2,Débito,671.0,Artesano,Facebook,Entregado
819,144,20,Toluca,2024-12-13,1,Crédito,1152.21,Artesano,WhatsApp,Cancelado
820,79,45,Querétaro,2024-12-13,1,Débito,440.88,Artesano,Instagram,Entregado
821,95,256,Puebla,2024-12-13,1,Crédito,865.46,Artesano,Web,Entregado
822,102,25,Monterrey,2024-12-14,1,Crédito,813.91,Artesano,WhatsApp,Cancelado
823,16,194,Puebla,2024-12-14,1,Débito,885.45,Marca IKAL,Web,En preparación
824,102,156,Monterrey,2024-12-15,2,Débito,1627.82,Artesano,Facebook,Entregado
825,137,232,CDMX,2024-12-15,1,Crédito,293.88,Artesano,Web,Entregado
826,144,221,Toluca,2024-12-15,1,Crédito,1152.21,Artesano,WhatsApp,Enviado
827,19,233,Monterrey,2024-12-15,1,Débito,938.48,Marca IKAL,Web,Entregado
828,36,97,CDMX,2024-12-16,1,Débito,853.51,Artesano,Web,Entregado
829,62,98,Monterrey,2024-12-16,1,Débito,538.39,Artesano,Web,Entregado
830,14,215,Toluca,2024-12-16,1,Débito,681.09,Marca IKAL,WhatsApp,Entregado
831,36,93,Puebla,2024-12-16,1,Débito,853.51,Artesano,Web,Cancelado
832,149,127,Guadalajara,2024-12-16,1,Débito,339.62,Artesano,Instagram,Entregado
833,14,137,CDMX,2024-12-16,1,Débito,681.09,Marca IKAL,Web,En preparación
834,85,52,Monterrey,2024-12-16,1,Débito,648.37,Artesano,WhatsApp,Entregado
835,88,253,Guadalajara,2024-12-17,1,Débito,866.06,Artesano,Instagram,Entregado
836,70,112,Querétaro,2024-12-17,1,Crédito,726.27,Artesano,Instagram,Entregado
837,137,145,Puebla,2024-12-17,1,Crédito,293.88,Artesano,Web,Entregado
838,112,200,Toluca,2024-12-17,1,Crédito,144.75,Artesano,Web,Enviado
839,31,157,CDMX,2024-12-17,1,Débito,301.84,Artesano,Instagram,Cancelado
840,16,49,Guadalajara,2024-12-17,1,Crédito,885.45,Marca IKAL,Instagram,Entregado
841,5,260,Puebla,2024-12-17,2,Crédito,589.44,Marca IKAL,Facebook,Entregado
842,70,51,Guadalajara,2024-12-17,1,Débito,726.27,Artesano,Instagram,Entregado
843,149,95,Querétaro,2024-12-17,2,Crédito,679.24,Artesano,Web,Enviado
844,95,160,Guadalajara,2024-12-17,1,Crédito,865.46,Artesano,Web,Entregado
845,88,58,Querétaro,2024-12-17,2,Débito,1732.12,Artesano,Web,Entregado
846,70,93,Puebla,2024-12-17,1,Crédito,726.27,Artesano,Instagram,Entregado
847,18,259,Xicotepec de Juárez,2024-12-18,1,Débito,150.45,Marca IKAL,Web,Entregado
848,31,240,Toluca,2024-12-18,1,Débito,301.84,Artesano,Instagram,Entregado
849,12,103,Xicotepec de Juárez,2024-12-18,1,Crédito,1049.0,Marca IKAL,Facebook,Entregado
850,19,119,Monterrey,2024-12-18,1,Débito,938.48,Marca IKAL,Web,En preparación
851,144,180,CDMX,2024-12-18,1,Crédito,1152.21,Artesano,Web,Entregado
852,68,255,Xicotepec de Juárez,2024-12-18,1,Crédito,335.5,Artesano,Instagram,Enviado
853,98,180,CDMX,2024-12-19,1,Débito,151.34,Artesano,Instagram,Enviado
854,18,167,Toluca,2024-12-20,1,Crédito,150.45,Marca IKAL,WhatsApp,Entregado
855,137,159,Monterrey,2024-12-20,1,Débito,293.88,Artesano,WhatsApp,Entregado
856,62,213,Querétaro,2024-12-20,2,Crédito,1076.78,Artesano,Facebook,Entregado
857,36,44,Monterrey,2024-12-20,1,Crédito,853.51,Artesano,Facebook,Entregado
858,36,90,Xicotepec de Juárez,2024-12-20,1,Débito,853.51,Artesano,Instagram,Entregado
859,102,96,Monterrey,2024-12-20,2,Débito,1627.82,Artesano,Web,Enviado
860,137,107,Querétaro,2024-12-20,1,Débito,293.88,Artesano,Web,Entregado
861,19,219,Puebla,2024-12-20,1,Débito,938.48,Marca IKAL,Instagram,Enviado
862,112,247,Toluca,2024-12-20,1,Crédito,144.75,Artesano,Web,Entregado
863,102,248,CDMX,2024-12-20,1,Crédito,813.91,Artesano,Instagram,Entregado
864,42,220,Monterrey,2024-12-20,1,Débito,855.52,Artesano,Instagram,Entregado
865,23,51,Guadalajara,2024-12-20,2,Débito,2099.42,Marca IKAL,Web,Entregado
866,1,108,Querétaro,2024-12-20,1,Débito,331.73,Marca IKAL,Web,En preparación
867,137,149,CDMX,2024-12-20,1,Débito,293.88,Artesano,Web,Entregado
868,68,70,Puebla,2024-12-21,1,Débito,335.5,Artesano,Web,Entregado
869,98,6,Puebla,2024-12-21,1,Crédito,151.34,Artesano,WhatsApp,Entregado
870,85,229,Toluca,2024-12-21,1,Crédito,648.37,Artesano,Instagram,Entregado
871,149,160,Guadalajara,2024-12-22,1,Crédito,339.62,Artesano,Web,En preparación
872,144,83,Xicotepec de Juárez,2024-12-22,2,Débito,2304.42,Artesano,Facebook,Entregado
873,98,184,Guadalajara,2024-12-22,1,Crédito,151.34,Artesano,Web,En preparación
874,13,111,Puebla,2024-12-22,1,Débito,249.47,Marca IKAL,Instagram,Enviado
875,85,153,Puebla,2024-12-22,1,Crédito,648.37,Artesano,Facebook,En preparación
876,62,180,CDMX,2024-12-22,2,Crédito,1076.78,Artesano,Web,Entregado
877,5,217,Xicotepec de Juárez,2024-12-23,1,Crédito,294.72,Marca IKAL,Web,Entregado
878,144,224,Toluca,2024-12-23,1,Crédito,1152.21,Artesano,Web,Entregado
879,149,217,Xicotepec de Juárez,2024-12-23,1,Débito,339.62,Artesano,Web,En preparación
880,70,179,Xicotepec de Juárez,2024-12-23,1,Crédito,726.27,Artesano,Web,Entregado
881,36,149,CDMX,2024-12-24,1,Débito,853.51,Artesano,Instagram,Entregado
882,2,271,Monterrey,2024-12-24,1,Débito,1027.04,Marca IKAL,WhatsApp,Entregado
883,112,45,Querétaro,2024-12-24,1,Crédito,144.75,Artesano,Instagram,Cancelado
884,20,173,Querétaro,2024-12-24,1,Crédito,1250.45,Marca IKAL,Instagram,Entregado
885,12,250,Guadalajara,2024-12-24,1,Crédito,1049.0,Marca IKAL,Web,Entregado
886,102,87,CDMX,2024-12-24,1,Crédito,813.91,Artesano,WhatsApp,Cancelado
887,102,93,Puebla,2024-12-24,1,Débito,813.91,Artesano,Facebook,Enviado
888,68,59,Pantepec,2024-12-24,1,Débito,335.5,Artesano,Instagram,Entregado
889,1,232,CDMX,2024-12-25,2,Débito,663.46,Marca IKAL,Web,Entregado
890,88,174,Toluca,2024-12-25,1,Débito,866.06,Artesano,Instagram,Entregado
891,62,281,Toluca,2024-12-25,1,Débito,538.39,Artesano,Instagram,Entregado
892,95,66,Guadalajara,2024-12-25,2,Crédito,1730.92,Artesano,WhatsApp,Enviado
893,9,176,Guadalajara,2024-12-26,2,Crédito,1885.8,Marca IKAL,WhatsApp,Entregado
894,85,119,Monterrey,2024-12-26,1,Débito,648.37,Artesano,Facebook,Entregado
895,42,225,Querétaro,2024-12-26,1,Débito,855.52,Artesano,Facebook,Entregado
896,36,139,Monterrey,2024-12-26,2,Crédito,1707.02,Artesano,WhatsApp,Entregado
897,88,107,Querétaro,2024-12-26,1,Crédito,866.06,Artesano,Facebook,Entregado
898,137,80,Monterrey,2024-12-26,1,Crédito,293.88,Artesano,Web,Entregado
899,16,279,Guadalajara,2024-12-26,1,Crédito,885.45,Marca IKAL,Instagram,Entregado
900,95,198,CDMX,2024-12-26,1,Crédito,865.46,Artesano,Instagram,Entregado
901,18,91,CDMX,2024-12-26,1,Crédito,150.45,Marca IKAL,Web,Cancelado
902,31,134,Querétaro,2024-12-26,2,Crédito,603.68,Artesano,Instagram,Entregado
903,36,121,Pantepec,2024-12-27,2,Débito,1707.02,Artesano,Instagram,Entregado
904,68,146,Xicotepec de Juárez,2024-12-27,1,Débito,335.5,Artesano,Instagram,Enviado
905,144,231,Xicotepec de Juárez,2024-12-27,1,Débito,1152.21,Artesano,Instagram,Entregado
906,10,20,Toluca,2024-12-27,1,Crédito,979.72,Marca IKAL,Instagram,Entregado
907,15,23,Guadalajara,2024-12-27,1,Crédito,705.11,Marca IKAL,Facebook,Entregado
908,20,233,Monterrey,2024-12-27,1,Débito,1250.45,Marca IKAL,Web,Entregado
909,112,158,CDMX,2024-12-27,1,Débito,144.75,Artesano,Facebook,Entregado
910,146,43,Puebla,2024-12-28,1,Crédito,299.41,Artesano,Web,Entregado
911,42,7,Monterrey,2024-12-28,1,Crédito,855.52,Artesano,Instagram,Enviado
912,36,69,Monterrey,2024-12-28,1,Crédito,853.51,Artesano,Facebook,Entregado
913,6,17,Querétaro,2024-12-28,2,Crédito,481.6,Marca IKAL,Facebook,Entregado
914,2,221,Toluca,2024-12-28,1,Débito,1027.04,Marca IKAL,Web,Entregado
915,12,256,Puebla,2024-12-28,1,Débito,1049.0,Marca IKAL,Web,Entregado
916,42,65,CDMX,2024-12-28,1,Crédito,855.52,Artesano,Web,Entregado
917,137,220,Monterrey,2024-12-29,1,Crédito,293.88,Artesano,WhatsApp,Enviado
918,146,251,Monterrey,2024-12-29,1,Crédito,299.41,Artesano,Facebook,Entregado
919,36,137,CDMX,2024-12-29,2,Débito,1707.02,Artesano,Facebook,Enviado
920,79,104,Puebla,2024-12-29,2,Crédito,881.76,Artesano,WhatsApp,Entregado
921,102,59,Pantepec,2024-12-29,1,Crédito,813.91,Artesano,WhatsApp,Entregado
922,85,160,Guadalajara,2024-12-29,1,Crédito,648.37,Artesano,Facebook,Entregado
923,10,228,Guadalajara,2024-12-29,1,Débito,979.72,Marca IKAL,Web,Cancelado
924,31,17,Querétaro,2024-12-29,1,Crédito,301.84,Artesano,Instagram,Enviado
925,68,43,Puebla,2024-12-29,2,Crédito,671.0,Artesano,Web,Entregado
926,36,195,Puebla,2024-12-29,1,Débito,853.51,Artesano,Facebook,Entregado
927,110,59,Pantepec,2024-12-30,1,Crédito,474.43,Artesano,Instagram,Enviado
928,31,167,Toluca,2024-12-30,1,Débito,301.84,Artesano,Instagram,Entregado
929,29,120,CDMX,2024-12-30,1,Crédito,875.71,Marca IKAL,WhatsApp,Entregado
930,23,68,Toluca,2024-12-30,2,Débito,2099.42,Marca IKAL,Instagram,Entregado
931,1,253,Guadalajara,2024-12-30,1,Crédito,331.73,Marca IKAL,WhatsApp,Entregado
932,42,129,Monterrey,2024-12-30,2,Débito,1711.04,Artesano,Web,Entregado
933,15,229,Toluca,2024-12-30,1,Débito,705.11,Marca IKAL,Facebook,Entregado
934,42,66,Guadalajara,2024-12-30,1,Débito,855.52,Artesano,Web,Entregado
935,98,69,Monterrey,2024-12-31,1,Débito,151.34,Artesano,Facebook,Entregado
936,29,46,Xicotepec de Juárez,2024-12-31,1,Crédito,875.71,Marca IKAL,Instagram,Entregado
937,146,52,Monterrey,2024-12-31,1,Crédito,299.41,Artesano,Web,Cancelado
938,85,197,Guadalajara,2024-12-31,1,Crédito,648.37,Artesano,Web,Entregado
939,36,107,Querétaro,2024-12-31,1,Crédito,853.51,Artesano,Instagram,Entregado
940,95,260,Puebla,2024-12-31,2,Crédito,1730.92,Artesano,Facebook,Enviado
941,6,244,Monterrey,2024-12-31,1,Crédito,240.8,Marca IKAL,Instagram,Entregado
942,102,97,CDMX,2025-01-01,1,Crédito,813.91,Artesano,Facebook,Entregado
943,149,72,CDMX,2025-01-01,1,Débito,339.62,Artesano,Facebook,Entregado
944,60,20,Toluca,2025-01-01,1,Crédito,1057.06,Artesano,Web,Entregado
945,68,151,CDMX,2025-02-01,1,Crédito,335.5,Artesano,WhatsApp,Entregado
946,13,155,Guadalajara,2025-02-01,1,Crédito,249.47,Marca IKAL,Instagram,En preparación
947,60,143,Toluca,2025-02-01,1,Crédito,1057.06,Artesano,Instagram,Entregado
948,60,118,Monterrey,2025-03-01,1,Débito,1057.06,Artesano,Instagram,Entregado
949,137,242,Xicotepec de Juárez,2025-03-01,1,Crédito,293.88,Artesano,Instagram,Enviado
950,60,8,Xicotepec de Juárez,2025-03-01,1,Crédito,1057.06,Artesano,Web,Entregado
951,95,231,Xicotepec de Juárez,2025-04-01,1,Débito,865.46,Artesano,Web,Entregado
952,60,167,Toluca,2025-05-01,1,Crédito,1057.06,Artesano,Web,Cancelado
953,36,174,Toluca,2025-06-01,1,Débito,853.51,Artesano,Web,Entregado
954,62,61,CDMX,2025-07-01,1,Crédito,538.39,Artesano,Facebook,Entregado
955,4,58,Querétaro,2025-09-01,1,Débito,1124.79,Marca IKAL,Web,Entregado
956,112,250,Guadalajara,2025-10-01,1,Crédito,144.75,Artesano,Instagram,Entregado
957,23,168,Monterrey,2025-12-01,1,Débito,1049.71,Marca IKAL,Instagram,Entregado
958,36,55,Guadalajara,2025-01-13,1,Débito,853.51,Artesano,Facebook,Entregado
959,95,237,CDMX,2025-01-14,1,Crédito,865.46,Artesano,Web,Entregado
960,47,217,Xicotepec de Juárez,2025-01-15,1,Crédito,673.74,Artesano,Facebook,Entregado
961,42,95,Querétaro,2025-01-15,1,Crédito,855.52,Artesano,Facebook,Entregado
962,5,202,Querétaro,2025-01-15,1,Débito,294.72,Marca IKAL,WhatsApp,Enviado
963,79,180,CDMX,2025-01-15,1,Débito,440.88,Artesano,Instagram,Cancelado
964,112,131,Puebla,2025-01-15,1,Crédito,144.75,Artesano,Instagram,En preparación
965,137,170,CDMX,2025-01-16,1,Débito,293.88,Artesano,Web,Entregado
966,36,267,Toluca,2025-01-16,1,Crédito,853.51,Artesano,Web,Entregado
967,12,15,CDMX,2025-01-18,1,Crédito,1049.0,Marca IKAL,Instagram,Cancelado
968,29,155,Guadalajara,2025-01-19,1,Crédito,875.71,Marca IKAL,WhatsApp,Entregado
969,29,158,CDMX,2025-01-19,1,Crédito,875.71,Marca IKAL,Facebook,Entregado
970,140,53,Guadalajara,2025-01-19,1,Crédito,1069.46,Artesano,Instagram,Enviado
971,102,13,Monterrey,2025-01-20,1,Crédito,813.91,Artesano,Web,Entregado
972,75,246,Pantepec,2025-01-21,1,Débito,333.06,Artesano,Instagram,Entregado
973,123,297,Guadalajara,2025-01-21,1,Crédito,250.94,Artesano,Web,Entregado
974,36,150,Puebla,2025-01-21,1,Crédito,853.51,Artesano,Instagram,Entregado
975,149,146,Xicotepec de Juárez,2025-01-22,2,Crédito,679.24,Artesano,Web,Entregado
976,110,12,Puebla,2025-01-22,1,Débito,474.43,Artesano,WhatsApp,En preparación
977,140,120,CDMX,2025-01-23,1,Débito,1069.46,Artesano,Web,Entregado
978,2,34,Puebla,2025-01-23,2,Crédito,2054.08,Marca IKAL,Instagram,Entregado
979,112,200,Toluca,2025-01-23,1,Débito,144.75,Artesano,Facebook,Entregado
980,53,31,Guadalajara,2025-01-23,1,Crédito,925.01,Artesano,Instagram,Entregado
981,11,151,CDMX,2025-01-23,1,Débito,596.55,Marca IKAL,Instagram,Entregado
982,22,141,CDMX,2025-01-26,1,Crédito,920.64,Marca IKAL,Facebook,Enviado
983,31,104,Puebla,2025-01-26,1,Débito,301.84,Artesano,Facebook,En preparación
984,2,236,Querétaro,2025-01-27,1,Débito,1027.04,Marca IKAL,Instagram,Entregado
985,75,51,Guadalajara,2025-01-27,1,Débito,333.06,Artesano,Facebook,Entregado
986,53,154,Pantepec,2025-01-28,1,Débito,925.01,Artesano,Instagram,Entregado
987,95,12,Puebla,2025-01-28,1,Débito,865.46,Artesano,Web,Cancelado
988,68,119,Monterrey,2025-01-30,1,Débito,335.5,Artesano,Web,Entregado
989,79,194,Puebla,2025-01-31,2,Crédito,881.76,Artesano,Facebook,Enviado
990,2,31,Guadalajara,2025-01-31,1,Crédito,1027.04,Marca IKAL,WhatsApp,Entregado
991,47,11,Puebla,2025-01-31,1,Débito,673.74,Artesano,Web,Entregado
992,79,116,Monterrey,2025-02-02,1,Crédito,440.88,Artesano,Web,Enviado
993,98,7,Monterrey,2025-03-02,1,Crédito,151.34,Artesano,Web,Entregado
994,144,331,CDMX,2025-05-02,1,Crédito,1152.21,Artesano,Facebook,Entregado
995,85,111,Puebla,2025-05-02,1,Débito,648.37,Artesano,Instagram,Entregado
996,29,51,Guadalajara,2025-06-02,1,Crédito,875.71,Marca IKAL,Web,Entregado
997,5,232,CDMX,2025-06-02,1,Crédito,294.72,Marca IKAL,Instagram,Entregado
998,98,64,CDMX,2025-06-02,1,Débito,151.34,Artesano,Instagram,Entregado
999,60,68,Toluca,2025-02-07,1,Débito,1057.06,Artesano,Web,Entregado
1000,144,164,Xicotepec de Juárez,2025-08-02,1,Débito,1152.21,Artesano,Facebook,Entregado
1001,112,29,CDMX,2025-09-02,1,Débito,144.75,Artesano,Instagram,Cancelado
1002,85,73,Querétaro,2025-09-02,1,Crédito,648.37,Artesano,Instagram,Entregado
1003,137,46,Xicotepec de Juárez,2025-10-02,1,Crédito,293.88,Artesano,WhatsApp,Entregado
1004,4,101,Puebla,2025-10-02,2,Crédito,2249.58,Marca IKAL,Facebook,Entregado
1005,31,331,CDMX,2025-10-02,1,Crédito,301.84,Artesano,Web,Entregado
1006,93,138,Querétaro,2025-12-02,1,Débito,944.22,Artesano,Web,En preparación
1007,36,324,Querétaro,2025-02-13,1,Crédito,853.51,Artesano,Instagram,Entregado
1008,102,217,Xicotepec de Juárez,2025-02-15,1,Débito,813.91,Artesano,Facebook,En preparación
1009,137,106,Toluca,2025-02-16,1,Débito,293.88,Artesano,Web,Entregado
1010,36,195,Puebla,2025-02-17,1,Débito,853.51,Artesano,Web,Entregado
1011,144,61,CDMX,2025-02-17,2,Crédito,2304.42,Artesano,Web,Cancelado
1012,60,137,CDMX,2025-02-18,1,Débito,1057.06,Artesano,Web,Entregado
1013,137,183,Toluca,2025-02-18,1,Débito,293.88,Artesano,Web,Entregado
1014,138,345,Toluca,2025-02-19,1,Débito,406.86,Artesano,Web,Enviado
1015,112,299,Puebla,2025-02-19,1,Débito,144.75,Artesano,Instagram,Entregado
1016,137,51,Guadalajara,2025-02-19,2,Débito,587.76,Artesano,Instagram,Entregado
1017,112,141,CDMX,2025-02-20,1,Débito,144.75,Artesano,Instagram,Entregado
1018,75,125,Toluca,2025-02-21,2,Crédito,666.12,Artesano,Instagram,Entregado
1019,5,21,Puebla,2025-02-21,1,Débito,294.72,Marca IKAL,Web,Entregado
1020,19,66,Guadalajara,2025-02-22,1,Débito,938.48,Marca IKAL,WhatsApp,Entregado
1021,20,166,Monterrey,2025-02-22,2,Débito,2500.9,Marca IKAL,WhatsApp,Entregado
1022,138,24,CDMX,2025-02-23,1,Crédito,406.86,Artesano,WhatsApp,Entregado
1023,36,282,Puebla,2025-02-24,1,Crédito,853.51,Artesano,Instagram,Entregado
1024,36,110,Puebla,2025-02-24,1,Débito,853.51,Artesano,Web,Entregado
1025,85,140,Monterrey,2025-02-25,2,Crédito,1296.74,Artesano,Web,Entregado
1026,14,78,Xicotepec de Juárez,2025-02-25,1,Débito,681.09,Marca IKAL,Web,Entregado
1027,79,22,Monterrey,2025-02-25,2,Débito,881.76,Artesano,Web,Entregado
1028,19,228,Guadalajara,2025-02-25,1,Crédito,938.48,Marca IKAL,Instagram,Entregado
1029,112,139,Monterrey,2025-02-25,1,Débito,144.75,Artesano,Facebook,En preparación
1030,1,185,Xicotepec de Juárez,2025-02-26,1,Crédito,331.73,Marca IKAL,Web,En preparación
1031,75,111,Puebla,2025-02-26,2,Crédito,666.12,Artesano,Instagram,Entregado
1032,79,296,CDMX,2025-02-26,1,Débito,440.88,Artesano,Web,Entregado
1033,70,359,Xicotepec de Juárez,2025-02-26,1,Crédito,726.27,Artesano,Web,En preparación
1034,36,97,CDMX,2025-02-26,1,Débito,853.51,Artesano,Instagram,Entregado
1035,2,242,Xicotepec de Juárez,2025-02-27,1,Débito,1027.04,Marca IKAL,Web,Entregado
1036,5,85,Puebla,2025-02-27,1,Crédito,294.72,Marca IKAL,Instagram,En preparación
1037,23,332,Puebla,2025-02-27,1,Crédito,1049.71,Marca IKAL,Instagram,Entregado
1038,102,175,CDMX,2025-01-03,1,Débito,813.91,Artesano,Instagram,Entregado
1039,137,319,Querétaro,2025-01-03,1,Crédito,293.88,Artesano,Web,Entregado
1040,68,194,Puebla,2025-01-03,1,Crédito,335.5,Artesano,WhatsApp,Entregado
1041,13,189,Puebla,2025-02-03,1,Débito,249.47,Marca IKAL,Web,Cancelado
1042,18,78,Xicotepec de Juárez,2025-02-03,2,Débito,300.9,Marca IKAL,Facebook,Entregado
1043,22,173,Querétaro,2025-02-03,1,Débito,920.64,Marca IKAL,Web,Entregado
1044,53,57,Monterrey,2025-02-03,1,Crédito,925.01,Artesano,Web,En preparación
1045,36,192,Xicotepec de Juárez,2025-02-03,1,Crédito,853.51,Artesano,Facebook,Entregado
1046,93,332,Puebla,2025-02-03,1,Crédito,944.22,Artesano,Facebook,Entregado
1047,93,236,Querétaro,2025-02-03,1,Débito,944.22,Artesano,Web,Enviado
1048,147,174,Toluca,2025-03-03,1,Crédito,273.39,Artesano,Facebook,Entregado
1049,79,363,CDMX,2025-03-03,2,Crédito,881.76,Artesano,Web,En preparación
1050,93,169,Puebla,2025-03-03,1,Crédito,944.22,Artesano,Web,En preparación
1051,19,28,Guadalajara,2025-04-03,1,Crédito,938.48,Marca IKAL,Web,En preparación
1052,11,333,CDMX,2025-04-03,1,Débito,596.55,Marca IKAL,Facebook,Entregado
1053,112,340,Guadalajara,2025-04-03,1,Débito,144.75,Artesano,Web,Entregado
1054,85,100,Toluca,2025-05-03,1,Débito,648.37,Artesano,Web,Entregado
1055,75,283,Monterrey,2025-05-03,1,Crédito,333.06,Artesano,Web,Entregado
1056,10,244,Monterrey,2025-05-03,1,Débito,979.72,Marca IKAL,Instagram,Enviado
1057,101,170,CDMX,2025-05-03,1,Crédito,292.88,Artesano,Instagram,En preparación
1058,75,69,Monterrey,2025-06-03,1,Débito,333.06,Artesano,Facebook,Entregado
1059,14,186,Querétaro,2025-07-03,1,Débito,681.09,Marca IKAL,Instagram,Entregado
1060,36,352,Querétaro,2025-07-03,1,Crédito,853.51,Artesano,Web,Entregado
1061,141,130,CDMX,2025-07-03,1,Débito,228.97,Artesano,WhatsApp,Entregado
1062,147,360,Monterrey,2025-07-03,2,Crédito,546.78,Artesano,Facebook,Enviado
1063,9,109,Pantepec,2025-08-03,1,Débito,942.9,Marca IKAL,Web,Entregado
1064,149,78,Xicotepec de Juárez,2025-08-03,1,Débito,339.62,Artesano,Web,Entregado
1065,147,348,Xicotepec de Juárez,2025-03-08,1,Crédito,273.39,Artesano,Instagram,Enviado
1066,68,53,Guadalajara,2025-09-03,2,Débito,671.0,Artesano,Instagram,Enviado
1067,23,161,Puebla,2025-09-03,1,Débito,1049.71,Marca IKAL,WhatsApp,Entregado
1068,42,24,CDMX,2025-10-03,1,Débito,855.52,Artesano,Facebook,Entregado
1069,60,132,Puebla,2025-10-03,1,Crédito,1057.06,Artesano,WhatsApp,En preparación
1070,102,263,Querétaro,2025-10-03,1,Débito,813.91,Artesano,Facebook,Entregado
1071,98,271,Monterrey,2025-10-03,1,Débito,151.34,Artesano,Web,Entregado
1072,79,331,CDMX,2025-10-03,2,Crédito,881.76,Artesano,Web,Entregado
1073,144,346,Guadalajara,2025-10-03,1,Crédito,1152.21,Artesano,Instagram,Entregado
1074,141,272,CDMX,2025-10-03,1,Débito,228.97,Artesano,WhatsApp,Enviado
1075,62,310,Pantepec,2025-10-03,1,Débito,538.39,Artesano,Web,En preparación
1076,110,263,Querétaro,2025-11-03,2,Crédito,948.86,Artesano,Instagram,Entregado
1077,9,72,CDMX,2025-11-03,1,Débito,942.9,Marca IKAL,Instagram,Entregado
1078,112,110,Puebla,2025-11-03,1,Crédito,144.75,Artesano,Instagram,Entregado
1079,36,315,Xicotepec de Juárez,2025-12-03,1,Débito,853.51,Artesano,Web,Entregado
1080,42,339,Monterrey,2025-03-13,1,Crédito,855.52,Artesano,Instagram,Entregado
1081,93,299,Puebla,2025-03-13,1,Crédito,944.22,Artesano,WhatsApp,Entregado
1082,137,72,CDMX,2025-03-14,1,Débito,293.88,Artesano,Facebook,Entregado
1083,95,179,Xicotepec de Juárez,2025-03-14,1,Crédito,865.46,Artesano,Facebook,Entregado
1084,40,211,Guadalajara,2025-03-14,1,Crédito,947.07,Artesano,Facebook,En preparación
1085,40,139,Monterrey,2025-03-14,2,Débito,1894.14,Artesano,Web,Cancelado
1086,18,51,Guadalajara,2025-03-14,1,Crédito,150.45,Marca IKAL,Instagram,Entregado
1087,12,112,Querétaro,2025-03-15,1,Débito,1049.0,Marca IKAL,Instagram,Entregado
1088,27,196,Puebla,2025-03-15,1,Débito,407.42,Marca IKAL,Facebook,Enviado
1089,68,329,Pantepec,2025-03-15,1,Débito,335.5,Artesano,Web,Entregado
1090,47,17,Querétaro,2025-03-15,2,Débito,1347.48,Artesano,WhatsApp,Entregado
1091,75,144,CDMX,2025-03-15,1,Débito,333.06,Artesano,Instagram,Enviado
1092,144,258,Xicotepec de Juárez,2025-03-15,1,Débito,1152.21,Artesano,Web,Entregado
1093,68,327,Puebla,2025-03-16,1,Crédito,335.5,Artesano,Web,Entregado
1094,6,113,Toluca,2025-03-17,1,Débito,240.8,Marca IKAL,Facebook,Enviado
1095,42,212,Xicotepec de Juárez,2025-03-17,2,Crédito,1711.04,Artesano,Instagram,Entregado
1096,14,269,Puebla,2025-03-17,1,Débito,681.09,Marca IKAL,Facebook,Entregado
1097,138,196,Puebla,2025-03-18,1,Débito,406.86,Artesano,WhatsApp,Enviado
1098,27,368,Xicotepec de Juárez,2025-03-18,1,Débito,407.42,Marca IKAL,Instagram,Entregado
1099,139,6,Puebla,2025-03-18,1,Débito,746.07,Artesano,Web,Entregado
1100,147,40,CDMX,2025-03-19,1,Crédito,273.39,Artesano,Instagram,Entregado
1101,15,124,Toluca,2025-03-19,2,Débito,1410.22,Marca IKAL,Web,Entregado
1102,102,128,Toluca,2025-03-19,1,Débito,813.91,Artesano,Facebook,Enviado
1103,140,280,Querétaro,2025-03-19,1,Débito,1069.46,Artesano,Instagram,Entregado
1104,11,206,Monterrey,2025-03-19,1,Débito,596.55,Marca IKAL,Facebook,Entregado
1105,23,25,Monterrey,2025-03-20,1,Crédito,1049.71,Marca IKAL,Instagram,Entregado
1106,88,160,Guadalajara,2025-03-20,1,Crédito,866.06,Artesano,Facebook,Entregado
1107,93,123,Querétaro,2025-03-20,2,Débito,1888.44,Artesano,WhatsApp,Entregado
1108,102,221,Toluca,2025-03-21,1,Débito,813.91,Artesano,Web,Entregado
1109,128,76,CDMX,2025-03-22,1,Débito,1349.46,Artesano,WhatsApp,Entregado
1110,22,63,Puebla,2025-03-22,1,Crédito,920.64,Marca IKAL,Web,Entregado
1111,68,16,Pantepec,2025-03-22,2,Débito,671.0,Artesano,Instagram,Entregado
1112,12,39,CDMX,2025-03-22,1,Débito,1049.0,Marca IKAL,Facebook,Entregado
1113,53,54,Xicotepec de Juárez,2025-03-23,1,Crédito,925.01,Artesano,Web,Entregado
1114,31,168,Monterrey,2025-03-23,1,Crédito,301.84,Artesano,Instagram,Entregado
1115,101,292,Toluca,2025-03-23,1,Crédito,292.88,Artesano,Instagram,Entregado
1116,40,240,Toluca,2025-03-23,1,Débito,947.07,Artesano,Web,En preparación
1117,5,134,Querétaro,2025-03-23,1,Crédito,294.72,Marca IKAL,Web,En preparación
1118,29,125,Toluca,2025-03-24,1,Crédito,875.71,Marca IKAL,Facebook,Enviado
1119,79,146,Xicotepec de Juárez,2025-03-24,2,Crédito,881.76,Artesano,Web,Entregado
1120,31,288,Querétaro,2025-03-24,1,Crédito,301.84,Artesano,Instagram,Entregado
1121,13,25,Monterrey,2025-03-25,1,Débito,249.47,Marca IKAL,Web,Entregado
1122,20,145,Puebla,2025-03-25,1,Débito,1250.45,Marca IKAL,Instagram,Entregado
1123,13,343,CDMX,2025-03-26,1,Débito,249.47,Marca IKAL,Instagram,Entregado
1124,36,249,CDMX,2025-03-26,1,Crédito,853.51,Artesano,Instagram,Entregado
1125,137,139,Monterrey,2025-03-26,1,Débito,293.88,Artesano,Facebook,Enviado
1126,19,261,Monterrey,2025-03-26,2,Crédito,1876.96,Marca IKAL,Instagram,Entregado
1127,56,268,Monterrey,2025-03-26,1,Débito,1256.29,Artesano,Instagram,Entregado
1128,15,127,Guadalajara,2025-03-27,1,Crédito,705.11,Marca IKAL,Instagram,En preparación
1129,12,165,Querétaro,2025-03-27,1,Crédito,1049.0,Marca IKAL,Web,Cancelado
1130,31,79,Monterrey,2025-03-27,1,Débito,301.84,Artesano,Web,Entregado
1131,102,154,Pantepec,2025-03-27,1,Crédito,813.91,Artesano,Web,Entregado
1132,30,96,Monterrey,2025-03-28,1,Crédito,610.73,Marca IKAL,Facebook,Entregado
1133,5,241,CDMX,2025-03-29,1,Débito,294.72,Marca IKAL,WhatsApp,Entregado
1134,31,190,Puebla,2025-03-29,1,Débito,301.84,Artesano,Instagram,Enviado
1135,12,172,Toluca,2025-03-29,1,Crédito,1049.0,Marca IKAL,Instagram,Entregado
1136,31,145,Puebla,2025-03-30,2,Crédito,603.68,Artesano,Instagram,Entregado
1137,40,139,Monterrey,2025-03-30,1,Débito,947.07,Artesano,Web,Enviado
1138,147,305,Puebla,2025-03-30,1,Crédito,273.39,Artesano,WhatsApp,Entregado
1139,47,383,Puebla,2025-03-31,1,Crédito,673.74,Artesano,Web,Entregado
1140,62,162,Guadalajara,2025-03-31,1,Crédito,538.39,Artesano,Instagram,Cancelado
1141,112,245,Toluca,2025-03-31,1,Débito,144.75,Artesano,Instagram,Entregado
1142,95,258,Xicotepec de Juárez,2025-01-04,1,Débito,865.46,Artesano,Instagram,Entregado
1143,95,26,Guadalajara,2025-02-04,1,Crédito,865.46,Artesano,WhatsApp,Entregado
1144,138,243,Querétaro,2025-02-04,1,Crédito,406.86,Artesano,Web,Cancelado
1145,139,284,Guadalajara,2025-03-04,1,Débito,746.07,Artesano,WhatsApp,Entregado
1146,53,328,CDMX,2025-04-04,1,Débito,925.01,Artesano,Web,Entregado
1147,128,311,Puebla,2025-04-04,1,Débito,1349.46,Artesano,Facebook,Entregado
1148,36,117,CDMX,2025-05-04,1,Crédito,853.51,Artesano,Web,Entregado
1149,144,144,CDMX,2025-05-04,1,Crédito,1152.21,Artesano,Web,Entregado
1150,147,300,Puebla,2025-05-04,1,Débito,273.39,Artesano,Web,Entregado
1151,53,21,Puebla,2025-05-04,1,Crédito,925.01,Artesano,Facebook,Entregado
1152,123,144,CDMX,2025-05-04,1,Débito,250.94,Artesano,Instagram,Entregado
1153,110,308,Puebla,2025-05-04,1,Débito,474.43,Artesano,Web,Cancelado
1154,14,280,Querétaro,2025-06-04,2,Débito,1362.18,Marca IKAL,Web,Entregado
1155,138,43,Puebla,2025-06-04,1,Débito,406.86,Artesano,Instagram,Entregado
1156,20,102,Querétaro,2025-06-04,1,Débito,1250.45,Marca IKAL,Instagram,Entregado
1157,56,102,Querétaro,2025-07-04,1,Crédito,1256.29,Artesano,Instagram,Enviado
1158,144,268,Monterrey,2025-04-07,1,Débito,1152.21,Artesano,Web,Entregado
1159,10,282,Puebla,2025-07-04,1,Crédito,979.72,Marca IKAL,Facebook,En preparación
1160,9,315,Xicotepec de Juárez,2025-07-04,1,Débito,942.9,Marca IKAL,Instagram,En preparación
1161,93,139,Monterrey,2025-08-04,1,Débito,944.22,Artesano,Facebook,Entregado
1162,138,334,CDMX,2025-09-04,1,Débito,406.86,Artesano,Web,Entregado
1163,1,139,Monterrey,2025-09-04,1,Crédito,331.73,Marca IKAL,Instagram,En preparación
1164,60,133,Puebla,2025-10-04,1,Débito,1057.06,Artesano,Web,Enviado
1165,4,352,Querétaro,2025-10-04,1,Crédito,1124.79,Marca IKAL,Instagram,Enviado
1166,98,391,CDMX,2025-10-04,1,Crédito,151.34,Artesano,Instagram,En preparación
1167,128,389,Guadalajara,2025-04-11,1,Débito,1349.46,Artesano,Web,Enviado
1168,98,125,Toluca,2025-11-04,1,Crédito,151.34,Artesano,Web,En preparación
1169,85,93,Puebla,2025-11-04,1,Débito,648.37,Artesano,WhatsApp,Enviado
1170,42,210,CDMX,2025-11-04,1,Crédito,855.52,Artesano,Web,Entregado
1171,98,59,Pantepec,2025-12-04,1,Crédito,151.34,Artesano,Facebook,Entregado
1172,93,379,Pantepec,2025-12-04,2,Crédito,1888.44,Artesano,Instagram,Entregado
1173,147,43,Puebla,2025-12-04,1,Crédito,273.39,Artesano,Facebook,Entregado
1174,20,84,Querétaro,2025-12-04,1,Débito,1250.45,Marca IKAL,Web,Cancelado
1175,88,338,Monterrey,2025-04-14,1,Crédito,866.06,Artesano,Web,Entregado
1176,138,328,CDMX,2025-04-16,1,Débito,406.86,Artesano,Web,Enviado
1177,146,19,Xicotepec de Juárez,2025-04-16,1,Crédito,299.41,Artesano,Instagram,Entregado
1178,137,136,Monterrey,2025-04-16,1,Crédito,293.88,Artesano,WhatsApp,Entregado
1179,146,19,Xicotepec de Juárez,2025-04-16,1,Débito,299.41,Artesano,Web,Entregado
1180,147,162,Guadalajara,2025-04-16,1,Débito,273.39,Artesano,Instagram,En preparación
1181,12,11,Puebla,2025-04-17,1,Crédito,1049.0,Marca IKAL,Web,Entregado
1182,29,355,CDMX,2025-04-17,1,Débito,875.71,Marca IKAL,Instagram,Entregado
1183,1,254,Monterrey,2025-04-18,1,Crédito,331.73,Marca IKAL,Instagram,Entregado
1184,75,292,Toluca,2025-04-18,2,Crédito,666.12,Artesano,Instagram,Entregado
1185,88,296,CDMX,2025-04-18,1,Crédito,866.06,Artesano,Facebook,Entregado
1186,60,105,Xicotepec de Juárez,2025-04-18,1,Crédito,1057.06,Artesano,Web,Entregado
1187,147,21,Puebla,2025-04-19,1,Crédito,273.39,Artesano,Web,Entregado
1188,123,249,CDMX,2025-04-19,1,Débito,250.94,Artesano,Web,Entregado
1189,147,54,Xicotepec de Juárez,2025-04-20,1,Débito,273.39,Artesano,WhatsApp,Entregado
1190,139,282,Puebla,2025-04-20,1,Crédito,746.07,Artesano,Instagram,Entregado
1191,60,137,CDMX,2025-04-20,1,Débito,1057.06,Artesano,Facebook,Entregado
1192,31,313,Monterrey,2025-04-20,1,Crédito,301.84,Artesano,Web,Entregado
1193,95,346,Guadalajara,2025-04-20,1,Crédito,865.46,Artesano,Instagram,Entregado
1194,85,14,CDMX,2025-04-21,1,Débito,648.37,Artesano,Web,Entregado
1195,36,166,Monterrey,2025-04-21,1,Débito,853.51,Artesano,WhatsApp,Entregado
1196,47,272,CDMX,2025-04-21,1,Débito,673.74,Artesano,Web,Entregado
1197,11,184,Guadalajara,2025-04-21,2,Crédito,1193.1,Marca IKAL,WhatsApp,Entregado
1198,101,216,Puebla,2025-04-22,1,Crédito,292.88,Artesano,Facebook,Cancelado
1199,53,87,CDMX,2025-04-23,1,Crédito,925.01,Artesano,WhatsApp,Entregado
1200,68,231,Xicotepec de Juárez,2025-04-23,1,Débito,335.5,Artesano,Instagram,Entregado
1201,27,91,CDMX,2025-04-23,1,Débito,407.42,Marca IKAL,Facebook,En preparación
1202,75,248,CDMX,2025-04-23,2,Crédito,666.12,Artesano,Web,Entregado
1203,4,44,Monterrey,2025-04-23,1,Débito,1124.79,Marca IKAL,Web,Entregado
1204,144,356,CDMX,2025-04-24,1,Débito,1152.21,Artesano,Web,Cancelado
1205,95,218,Guadalajara,2025-04-24,1,Débito,865.46,Artesano,Web,Entregado
1206,5,87,CDMX,2025-04-24,1,Crédito,294.72,Marca IKAL,WhatsApp,Entregado
1207,70,192,Xicotepec de Juárez,2025-04-24,1,Débito,726.27,Artesano,Instagram,Enviado
1208,42,270,Toluca,2025-04-25,1,Crédito,855.52,Artesano,Instagram,Entregado
1209,19,116,Monterrey,2025-04-25,1,Débito,938.48,Marca IKAL,Web,Entregado
1210,9,48,CDMX,2025-04-25,2,Débito,1885.8,Marca IKAL,Facebook,Entregado
1211,56,394,CDMX,2025-04-25,1,Débito,1256.29,Artesano,Instagram,Entregado
1212,14,133,Puebla,2025-04-26,1,Débito,681.09,Marca IKAL,Instagram,Entregado
1213,1,376,Querétaro,2025-04-26,1,Crédito,331.73,Marca IKAL,Web,Entregado
1214,30,342,Querétaro,2025-04-26,1,Crédito,610.73,Marca IKAL,Facebook,Entregado
1215,75,401,Monterrey,2025-04-26,1,Crédito,333.06,Artesano,Web,Entregado
1216,79,96,Monterrey,2025-04-27,1,Débito,440.88,Artesano,Web,Enviado
1217,110,216,Puebla,2025-04-27,1,Débito,474.43,Artesano,Web,Entregado
1218,1,162,Guadalajara,2025-04-28,1,Débito,331.73,Marca IKAL,Web,Entregado
1219,88,377,Querétaro,2025-04-28,2,Débito,1732.12,Artesano,Web,Entregado
1220,102,77,Xicotepec de Juárez,2025-04-29,1,Débito,813.91,Artesano,Web,Entregado
1221,93,49,Guadalajara,2025-04-29,1,Crédito,944.22,Artesano,Web,Entregado
1222,31,59,Pantepec,2025-01-05,1,Débito,301.84,Artesano,Web,Entregado
1223,56,73,Querétaro,2025-01-05,1,Débito,1256.29,Artesano,Web,Entregado
1224,85,83,Xicotepec de Juárez,2025-01-05,1,Crédito,648.37,Artesano,Facebook,En preparación
1225,101,143,Toluca,2025-01-05,1,Débito,292.88,Artesano,Web,Entregado
1226,137,175,CDMX,2025-01-05,1,Crédito,293.88,Artesano,Web,Entregado
1227,30,97,CDMX,2025-02-05,1,Crédito,610.73,Marca IKAL,Instagram,Entregado
1228,10,324,Querétaro,2025-02-05,1,Crédito,979.72,Marca IKAL,Instagram,Entregado
1229,147,113,Toluca,2025-02-05,1,Débito,273.39,Artesano,Facebook,Entregado
1230,20,154,Pantepec,2025-05-02,1,Débito,1250.45,Marca IKAL,Web,Entregado
1231,42,43,Puebla,2025-02-05,1,Crédito,855.52,Artesano,Web,Entregado
1232,75,258,Xicotepec de Juárez,2025-02-05,1,Crédito,333.06,Artesano,Facebook,Entregado
1233,6,86,Xicotepec de Juárez,2025-03-05,1,Débito,240.8,Marca IKAL,Web,Entregado
1234,42,235,Querétaro,2025-03-05,2,Crédito,1711.04,Artesano,Web,Entregado
1235,36,131,Puebla,2025-03-05,1,Débito,853.51,Artesano,Instagram,Entregado
1236,30,166,Monterrey,2025-03-05,1,Crédito,610.73,Marca IKAL,Instagram,En preparación
1237,88,298,Guadalajara,2025-03-05,1,Crédito,866.06,Artesano,Facebook,Entregado
1238,10,176,Guadalajara,2025-03-05,1,Crédito,979.72,Marca IKAL,Instagram,Entregado
1239,112,168,Monterrey,2025-04-05,1,Débito,144.75,Artesano,Instagram,Entregado
1240,19,302,Xicotepec de Juárez,2025-04-05,1,Crédito,938.48,Marca IKAL,Web,Entregado
1241,102,183,Toluca,2025-04-05,1,Débito,813.91,Artesano,Web,Enviado
1242,11,110,Puebla,2025-04-05,1,Crédito,596.55,Marca IKAL,Instagram,Cancelado
1243,36,261,Monterrey,2025-04-05,1,Débito,853.51,Artesano,Facebook,Enviado
1244,5,223,Puebla,2025-04-05,2,Débito,589.44,Marca IKAL,WhatsApp,Entregado
1245,102,37,CDMX,2025-04-05,1,Crédito,813.91,Artesano,Facebook,Entregado
1246,75,7,Monterrey,2025-04-05,1,Débito,333.06,Artesano,Web,Entregado
1247,138,192,Xicotepec de Juárez,2025-05-05,2,Crédito,813.72,Artesano,Facebook,Entregado
1248,128,132,Puebla,2025-05-05,1,Débito,1349.46,Artesano,Instagram,Entregado
1249,2,152,Xicotepec de Juárez,2025-05-05,1,Débito,1027.04,Marca IKAL,Web,Enviado
1250,4,246,Pantepec,2025-05-05,1,Débito,1124.79,Marca IKAL,Web,Entregado
1251,40,407,Puebla,2025-05-05,2,Débito,1894.14,Artesano,Facebook,Entregado
1252,53,316,Puebla,2025-06-05,1,Débito,925.01,Artesano,Web,Entregado
1253,128,27,Querétaro,2025-06-05,1,Débito,1349.46,Artesano,Instagram,Cancelado
1254,123,143,Toluca,2025-06-05,1,Crédito,250.94,Artesano,Instagram,Entregado
1255,137,257,CDMX,2025-06-05,2,Crédito,587.76,Artesano,Web,Entregado
1256,144,100,Toluca,2025-06-05,2,Débito,2304.42,Artesano,Web,En preparación
1257,93,55,Guadalajara,2025-07-05,1,Débito,944.22,Artesano,Web,Entregado
1258,56,385,Monterrey,2025-07-05,1,Débito,1256.29,Artesano,Web,Entregado
1259,14,296,CDMX,2025-07-05,1,Crédito,681.09,Marca IKAL,WhatsApp,Enviado
1260,60,387,Toluca,2025-07-05,2,Débito,2114.12,Artesano,Web,Entregado
1261,2,329,Pantepec,2025-07-05,1,Débito,1027.04,Marca IKAL,Instagram,Entregado
1262,36,87,CDMX,2025-07-05,1,Crédito,853.51,Artesano,Web,Entregado
1263,88,109,Pantepec,2025-07-05,1,Crédito,866.06,Artesano,Facebook,En preparación
1264,4,56,Querétaro,2025-07-05,2,Débito,2249.58,Marca IKAL,Facebook,En preparación
1265,15,133,Puebla,2025-08-05,1,Débito,705.11,Marca IKAL,Facebook,Entregado
1266,110,372,Xicotepec de Juárez,2025-08-05,1,Débito,474.43,Artesano,Web,Enviado
1267,56,276,Xicotepec de Juárez,2025-08-05,1,Crédito,1256.29,Artesano,Instagram,Entregado
1268,138,150,Puebla,2025-08-05,1,Débito,406.86,Artesano,Instagram,Entregado
1269,85,114,Guadalajara,2025-08-05,1,Crédito,648.37,Artesano,Web,Entregado
1270,133,314,Guadalajara,2025-09-05,1,Débito,630.44,Artesano,Facebook,Entregado
1271,10,85,Puebla,2025-09-05,1,Débito,979.72,Marca IKAL,Web,Entregado
1272,95,130,CDMX,2025-09-05,1,Débito,865.46,Artesano,Web,Entregado
1273,112,324,Querétaro,2025-09-05,1,Crédito,144.75,Artesano,WhatsApp,En preparación
1274,20,3,CDMX,2025-09-05,1,Débito,1250.45,Marca IKAL,WhatsApp,En preparación
1275,31,5,Xicotepec de Juárez,2025-09-05,1,Débito,301.84,Artesano,WhatsApp,Entregado
1276,6,1,CDMX,2025-10-05,1,Crédito,240.8,Marca IKAL,WhatsApp,Enviado
1277,10,290,Monterrey,2025-10-05,1,Crédito,979.72,Marca IKAL,Web,Enviado
1278,13,52,Monterrey,2025-10-05,1,Crédito,249.47,Marca IKAL,Instagram,Entregado
1279,93,80,Monterrey,2025-10-05,1,Débito,944.22,Artesano,Web,Entregado
1280,42,37,CDMX,2025-10-05,1,Débito,855.52,Artesano,Web,Entregado
1281,147,122,Puebla,2025-10-05,2,Crédito,546.78,Artesano,Instagram,Entregado
1282,16,330,Querétaro,2025-10-05,1,Crédito,885.45,Marca IKAL,Web,Entregado
1283,10,363,CDMX,2025-10-05,1,Débito,979.72,Marca IKAL,Web,En preparación
1284,140,326,Toluca,2025-10-05,2,Débito,2138.92,Artesano,Web,Entregado
1285,13,433,Monterrey,2025-05-11,2,Crédito,498.94,Marca IKAL,Instagram,Entregado
1286,141,408,CDMX,2025-11-05,1,Débito,228.97,Artesano,Web,Enviado
1287,4,127,Guadalajara,2025-11-05,1,Débito,1124.79,Marca IKAL,WhatsApp,Entregado
1288,9,12,Puebla,2025-12-05,1,Débito,942.9,Marca IKAL,Instagram,Entregado
1289,139,337,CDMX,2025-12-05,1,Débito,746.07,Artesano,Facebook,Enviado
1290,60,341,CDMX,2025-12-05,1,Débito,1057.06,Artesano,WhatsApp,Enviado
1291,120,165,Querétaro,2025-12-05,1,Débito,800.11,Artesano,Web,Cancelado
1292,6,260,Puebla,2025-12-05,1,Débito,240.8,Marca IKAL,Facebook,Entregado
1293,98,245,Toluca,2025-12-05,1,Débito,151.34,Artesano,WhatsApp,Entregado
1294,138,331,CDMX,2025-05-13,1,Débito,406.86,Artesano,Facebook,Entregado
1295,139,195,Puebla,2025-05-13,1,Crédito,746.07,Artesano,Web,Entregado
1296,98,135,Querétaro,2025-05-13,1,Crédito,151.34,Artesano,Instagram,Entregado
1297,36,87,CDMX,2025-05-13,2,Crédito,1707.02,Artesano,WhatsApp,Entregado
1298,27,404,Toluca,2025-05-13,1,Crédito,407.42,Marca IKAL,Facebook,Entregado
1299,120,394,CDMX,2025-05-13,1,Crédito,800.11,Artesano,Facebook,Entregado
1300,149,330,Querétaro,2025-05-13,1,Débito,339.62,Artesano,Facebook,Entregado
1301,88,410,Xicotepec de Juárez,2025-05-14,1,Débito,866.06,Artesano,Web,Entregado
1302,102,146,Xicotepec de Juárez,2025-05-14,1,Débito,813.91,Artesano,Instagram,Enviado
1303,12,144,CDMX,2025-05-14,1,Crédito,1049.0,Marca IKAL,Web,Entregado
1304,79,90,Xicotepec de Juárez,2025-05-14,2,Débito,881.76,Artesano,Instagram,Entregado
1305,88,373,Monterrey,2025-05-14,2,Crédito,1732.12,Artesano,Web,Entregado
1306,93,27,Querétaro,2025-05-14,1,Débito,944.22,Artesano,Instagram,Entregado
1307,102,62,Toluca,2025-05-14,2,Débito,1627.82,Artesano,WhatsApp,Entregado
1308,93,425,CDMX,2025-05-14,1,Débito,944.22,Artesano,Instagram,Entregado
1309,144,424,Puebla,2025-05-14,1,Crédito,1152.21,Artesano,Instagram,Enviado
1310,31,242,Xicotepec de Juárez,2025-05-15,1,Crédito,301.84,Artesano,Web,Cancelado
1311,1,33,Guadalajara,2025-05-15,2,Crédito,663.46,Marca IKAL,Facebook,Entregado
1312,128,88,Xicotepec de Juárez,2025-05-15,1,Débito,1349.46,Artesano,WhatsApp,Entregado
1313,31,103,Xicotepec de Juárez,2025-05-15,1,Crédito,301.84,Artesano,Web,Entregado
1314,102,195,Puebla,2025-05-16,1,Crédito,813.91,Artesano,Web,Entregado
1315,147,218,Guadalajara,2025-05-16,1,Débito,273.39,Artesano,Facebook,Entregado
1316,102,43,Puebla,2025-05-16,1,Débito,813.91,Artesano,Instagram,Enviado
1317,120,401,Monterrey,2025-05-16,1,Crédito,800.11,Artesano,Instagram,Entregado
1318,30,391,CDMX,2025-05-16,1,Débito,610.73,Marca IKAL,Instagram,Entregado
1319,79,173,Querétaro,2025-05-16,1,Débito,440.88,Artesano,Instagram,Enviado
1320,75,224,Toluca,2025-05-16,1,Débito,333.06,Artesano,WhatsApp,Entregado
1321,2,268,Monterrey,2025-05-16,2,Débito,2054.08,Marca IKAL,Instagram,Entregado
1322,70,55,Guadalajara,2025-05-16,1,Débito,726.27,Artesano,WhatsApp,Entregado
1323,13,242,Xicotepec de Juárez,2025-05-16,1,Débito,249.47,Marca IKAL,Web,Enviado
1324,56,385,Monterrey,2025-05-16,1,Crédito,1256.29,Artesano,Web,Entregado
1325,144,346,Guadalajara,2025-05-16,2,Débito,2304.42,Artesano,Web,Entregado
1326,133,405,Puebla,2025-05-16,1,Crédito,630.44,Artesano,Web,Enviado
1327,68,59,Pantepec,2025-05-17,1,Crédito,335.5,Artesano,Facebook,Entregado
1328,8,66,Guadalajara,2025-05-17,1,Débito,613.15,Marca IKAL,Instagram,Entregado
1329,149,277,Guadalajara,2025-05-17,1,Débito,339.62,Artesano,Web,Enviado
1330,4,13,Monterrey,2025-05-17,1,Crédito,1124.79,Marca IKAL,Web,Enviado
1331,22,126,Monterrey,2025-05-17,1,Crédito,920.64,Marca IKAL,WhatsApp,Entregado
1332,110,404,Toluca,2025-05-17,1,Débito,474.43,Artesano,WhatsApp,Entregado
1333,149,320,Monterrey,2025-05-17,1,Crédito,339.62,Artesano,Facebook,Entregado
1334,30,425,CDMX,2025-05-17,1,Débito,610.73,Marca IKAL,Web,Entregado
1335,101,295,Monterrey,2025-05-17,2,Crédito,585.76,Artesano,WhatsApp,Entregado
1336,12,212,Xicotepec de Juárez,2025-05-18,1,Débito,1049.0,Marca IKAL,Instagram,Entregado
1337,68,170,CDMX,2025-05-18,1,Crédito,335.5,Artesano,Facebook,Entregado
1338,75,129,Monterrey,2025-05-18,1,Crédito,333.06,Artesano,WhatsApp,Entregado
1339,138,114,Guadalajara,2025-05-18,1,Crédito,406.86,Artesano,WhatsApp,Cancelado
1340,22,357,CDMX,2025-05-18,1,Débito,920.64,Marca IKAL,Facebook,Entregado
1341,141,404,Toluca,2025-05-18,1,Débito,228.97,Artesano,Instagram,Entregado
1342,29,345,Toluca,2025-05-19,1,Débito,875.71,Marca IKAL,Web,Entregado
1343,70,144,CDMX,2025-05-19,1,Crédito,726.27,Artesano,Web,Entregado
1344,112,387,Toluca,2025-05-19,1,Crédito,144.75,Artesano,Instagram,Entregado
1345,22,34,Puebla,2025-05-19,2,Crédito,1841.28,Marca IKAL,Facebook,Entregado
1346,133,115,Querétaro,2025-05-19,1,Débito,630.44,Artesano,Web,Entregado
1347,30,253,Guadalajara,2025-05-19,2,Crédito,1221.46,Marca IKAL,Facebook,Entregado
1348,4,238,Puebla,2025-05-20,1,Crédito,1124.79,Marca IKAL,Facebook,Entregado
1349,102,75,CDMX,2025-05-20,1,Débito,813.91,Artesano,Web,En preparación
1350,15,418,CDMX,2025-05-20,2,Débito,1410.22,Marca IKAL,Instagram,Entregado
1351,88,98,Monterrey,2025-05-20,1,Débito,866.06,Artesano,Instagram,Entregado
1352,95,178,Guadalajara,2025-05-21,1,Débito,865.46,Artesano,Web,En preparación
1353,137,95,Querétaro,2025-05-21,1,Crédito,293.88,Artesano,WhatsApp,Entregado
1354,140,105,Xicotepec de Juárez,2025-05-21,2,Crédito,2138.92,Artesano,Web,En preparación
1355,18,131,Puebla,2025-05-21,1,Débito,150.45,Marca IKAL,Facebook,Entregado
1356,62,218,Guadalajara,2025-05-21,1,Crédito,538.39,Artesano,WhatsApp,Entregado
1357,62,314,Guadalajara,2025-05-21,1,Crédito,538.39,Artesano,Web,Entregado
1358,70,174,Toluca,2025-05-21,1,Crédito,726.27,Artesano,Web,Enviado
1359,149,435,Querétaro,2025-05-22,1,Débito,339.62,Artesano,Instagram,Entregado
1360,60,440,Monterrey,2025-05-22,1,Débito,1057.06,Artesano,Web,Cancelado
1361,85,129,Monterrey,2025-05-22,2,Crédito,1296.74,Artesano,Instagram,Entregado
1362,20,218,Guadalajara,2025-05-22,2,Débito,2500.9,Marca IKAL,Instagram,En preparación
1363,29,195,Puebla,2025-05-22,2,Débito,1751.42,Marca IKAL,Web,Entregado
1364,8,373,Monterrey,2025-05-23,1,Débito,613.15,Marca IKAL,Instagram,Entregado
1365,8,297,Guadalajara,2025-05-23,1,Débito,613.15,Marca IKAL,Web,Entregado
1366,10,127,Guadalajara,2025-05-23,2,Crédito,1959.44,Marca IKAL,Facebook,Enviado
1367,138,217,Xicotepec de Juárez,2025-05-23,1,Crédito,406.86,Artesano,WhatsApp,Entregado
1368,31,440,Monterrey,2025-05-23,1,Crédito,301.84,Artesano,Instagram,Entregado
1369,68,314,Guadalajara,2025-05-23,1,Crédito,335.5,Artesano,Facebook,Entregado
1370,40,19,Xicotepec de Juárez,2025-05-23,1,Crédito,947.07,Artesano,Web,Entregado
1371,141,286,Toluca,2025-05-24,1,Crédito,228.97,Artesano,Facebook,Entregado
1372,110,154,Pantepec,2025-05-24,2,Débito,948.86,Artesano,WhatsApp,Entregado
1373,20,191,Xicotepec de Juárez,2025-05-25,1,Crédito,1250.45,Marca IKAL,Facebook,Entregado
1374,101,86,Xicotepec de Juárez,2025-05-25,1,Crédito,292.88,Artesano,Instagram,Entregado
1375,1,426,Guadalajara,2025-05-25,1,Crédito,331.73,Marca IKAL,Web,Enviado
1376,140,238,Puebla,2025-05-25,1,Débito,1069.46,Artesano,Web,Cancelado
1377,22,440,Monterrey,2025-05-25,1,Débito,920.64,Marca IKAL,Web,Enviado
1378,93,303,Puebla,2025-05-25,1,Crédito,944.22,Artesano,Instagram,Entregado
1379,18,34,Puebla,2025-05-25,1,Crédito,150.45,Marca IKAL,Web,Entregado
1380,40,339,Monterrey,2025-05-25,1,Crédito,947.07,Artesano,Web,Cancelado
1381,139,64,CDMX,2025-05-25,2,Débito,1492.14,Artesano,WhatsApp,Entregado
1382,149,150,Puebla,2025-05-25,1,Débito,339.62,Artesano,Facebook,Entregado
1383,147,366,Puebla,2025-05-25,1,Crédito,273.39,Artesano,Instagram,En preparación
1384,14,339,Monterrey,2025-05-25,1,Crédito,681.09,Marca IKAL,Web,Entregado
1385,102,7,Monterrey,2025-05-25,1,Débito,813.91,Artesano,Instagram,Entregado
1386,47,272,CDMX,2025-05-26,1,Débito,673.74,Artesano,Web,Entregado
1387,68,179,Xicotepec de Juárez,2025-05-26,2,Crédito,671.0,Artesano,Instagram,Entregado
1388,95,16,Pantepec,2025-05-26,1,Débito,865.46,Artesano,Instagram,Entregado
1389,149,216,Puebla,2025-05-26,1,Crédito,339.62,Artesano,Facebook,Enviado
1390,31,119,Monterrey,2025-05-27,1,Débito,301.84,Artesano,Web,Entregado
1391,101,370,Xicotepec de Juárez,2025-05-27,1,Débito,292.88,Artesano,Web,Entregado
1392,13,110,Puebla,2025-05-27,2,Crédito,498.94,Marca IKAL,WhatsApp,Entregado
1393,1,187,Monterrey,2025-05-27,1,Crédito,331.73,Marca IKAL,WhatsApp,Enviado
1394,79,147,Querétaro,2025-05-28,2,Crédito,881.76,Artesano,Instagram,Entregado
1395,141,24,CDMX,2025-05-28,1,Crédito,228.97,Artesano,Instagram,En preparación
1396,47,112,Querétaro,2025-05-28,2,Débito,1347.48,Artesano,Instagram,Entregado
1397,68,151,CDMX,2025-05-28,1,Crédito,335.5,Artesano,Instagram,Cancelado
1398,62,250,Guadalajara,2025-05-28,1,Débito,538.39,Artesano,Facebook,Entregado
1399,36,98,Monterrey,2025-05-29,1,Crédito,853.51,Artesano,Instagram,Enviado
1400,149,351,Querétaro,2025-05-29,2,Débito,679.24,Artesano,Web,Entregado
1401,138,202,Querétaro,2025-05-29,1,Crédito,406.86,Artesano,WhatsApp,Entregado
1402,9,240,Toluca,2025-05-29,1,Débito,942.9,Marca IKAL,Instagram,Entregado
1403,123,432,Puebla,2025-05-29,2,Débito,501.88,Artesano,Web,Enviado
1404,21,437,Toluca,2025-05-29,1,Débito,796.09,Marca IKAL,Web,Entregado
1405,31,77,Xicotepec de Juárez,2025-05-29,1,Débito,301.84,Artesano,Web,Entregado
1406,68,141,CDMX,2025-05-30,1,Crédito,335.5,Artesano,Instagram,Entregado
1407,85,77,Xicotepec de Juárez,2025-05-30,1,Débito,648.37,Artesano,Web,Entregado
1408,20,111,Puebla,2025-05-30,1,Débito,1250.45,Marca IKAL,Web,Entregado
1409,2,324,Querétaro,2025-05-30,1,Débito,1027.04,Marca IKAL,WhatsApp,Enviado
1410,20,97,CDMX,2025-05-30,1,Débito,1250.45,Marca IKAL,Instagram,Entregado
1411,6,158,CDMX,2025-05-30,1,Crédito,240.8,Marca IKAL,WhatsApp,Entregado
1412,120,397,Querétaro,2025-05-30,1,Débito,800.11,Artesano,Instagram,Entregado
1413,137,263,Querétaro,2025-05-30,1,Crédito,293.88,Artesano,WhatsApp,Enviado
1414,138,259,Xicotepec de Juárez,2025-05-30,1,Crédito,406.86,Artesano,Instagram,Entregado
1415,14,184,Guadalajara,2025-05-30,1,Débito,681.09,Marca IKAL,Web,Entregado
1416,40,192,Xicotepec de Juárez,2025-05-31,2,Crédito,1894.14,Artesano,Web,Entregado
1417,137,106,Toluca,2025-05-31,1,Débito,293.88,Artesano,Web,En preparación
1418,93,11,Puebla,2025-05-31,1,Crédito,944.22,Artesano,Web,Entregado
1419,60,155,Guadalajara,2025-05-31,1,Crédito,1057.06,Artesano,Instagram,Entregado
1420,98,322,Querétaro,2025-05-31,1,Débito,151.34,Artesano,Facebook,En preparación
1421,42,361,Xicotepec de Juárez,2025-05-31,1,Débito,855.52,Artesano,Web,Cancelado
1422,95,50,Xicotepec de Juárez,2025-05-31,1,Crédito,865.46,Artesano,Instagram,Entregado
1423,75,297,Guadalajara,2025-01-06,1,Débito,333.06,Artesano,Web,Entregado
1424,98,36,Monterrey,2025-01-06,1,Débito,151.34,Artesano,Instagram,Entregado
1425,36,328,CDMX,2025-01-06,1,Débito,853.51,Artesano,Web,En preparación
1426,31,63,Puebla,2025-02-06,1,Débito,301.84,Artesano,Web,Entregado
1427,47,160,Guadalajara,2025-02-06,1,Crédito,673.74,Artesano,Instagram,Entregado
1428,138,210,CDMX,2025-02-06,1,Débito,406.86,Artesano,Web,Entregado
1429,29,343,CDMX,2025-02-06,1,Crédito,875.71,Marca IKAL,Facebook,Entregado
1430,4,134,Querétaro,2025-06-02,1,Débito,1124.79,Marca IKAL,WhatsApp,Entregado
1431,149,156,Monterrey,2025-02-06,1,Crédito,339.62,Artesano,Instagram,Entregado
1432,110,183,Toluca,2025-02-06,1,Crédito,474.43,Artesano,Instagram,Enviado
1433,128,315,Xicotepec de Juárez,2025-06-02,1,Débito,1349.46,Artesano,Web,Entregado
1434,5,214,Guadalajara,2025-02-06,1,Crédito,294.72,Marca IKAL,Instagram,Entregado
1435,138,30,Querétaro,2025-03-06,2,Crédito,813.72,Artesano,Facebook,Entregado
1436,21,388,CDMX,2025-03-06,1,Débito,796.09,Marca IKAL,Web,En preparación
1437,101,284,Guadalajara,2025-04-06,1,Crédito,292.88,Artesano,Web,En preparación
1438,146,165,Querétaro,2025-04-06,1,Débito,299.41,Artesano,Instagram,Entregado
1439,8,322,Querétaro,2025-04-06,1,Débito,613.15,Marca IKAL,WhatsApp,Entregado
1440,144,151,CDMX,2025-04-06,1,Débito,1152.21,Artesano,Facebook,Enviado
1441,42,396,CDMX,2025-04-06,1,Crédito,855.52,Artesano,Web,Entregado
1442,16,171,CDMX,2025-04-06,1,Débito,885.45,Marca IKAL,Web,Enviado
1443,88,378,Toluca,2025-04-06,1,Crédito,866.06,Artesano,Instagram,Enviado
1444,11,171,CDMX,2025-04-06,1,Crédito,596.55,Marca IKAL,WhatsApp,Entregado
1445,14,188,CDMX,2025-04-06,2,Débito,1362.18,Marca IKAL,Web,Entregado
1446,123,31,Guadalajara,2025-04-06,2,Débito,501.88,Artesano,Facebook,Entregado
1447,30,309,Guadalajara,2025-05-06,1,Débito,610.73,Marca IKAL,Instagram,Enviado
1448,11,443,CDMX,2025-05-06,1,Crédito,596.55,Marca IKAL,Facebook,Entregado
1449,140,232,CDMX,2025-06-06,2,Débito,2138.92,Artesano,Facebook,Entregado
1450,5,180,CDMX,2025-07-06,1,Crédito,294.72,Marca IKAL,Web,Entregado
1451,21,321,CDMX,2025-07-06,1,Débito,796.09,Marca IKAL,Facebook,Entregado
1452,95,242,Xicotepec de Juárez,2025-07-06,1,Crédito,865.46,Artesano,Web,Entregado
1453,139,236,Querétaro,2025-07-06,2,Débito,1492.14,Artesano,WhatsApp,Entregado
1454,149,115,Querétaro,2025-07-06,1,Crédito,339.62,Artesano,Web,Enviado
1455,60,431,Querétaro,2025-08-06,1,Débito,1057.06,Artesano,Web,Entregado
1456,110,60,Querétaro,2025-09-06,1,Crédito,474.43,Artesano,Web,Entregado
1457,110,14,CDMX,2025-09-06,1,Débito,474.43,Artesano,Instagram,Entregado
1458,18,402,Monterrey,2025-10-06,1,Crédito,150.45,Marca IKAL,Instagram,En preparación
1459,79,258,Xicotepec de Juárez,2025-10-06,1,Débito,440.88,Artesano,Web,Entregado
1460,85,340,Guadalajara,2025-10-06,2,Crédito,1296.74,Artesano,Facebook,Entregado
1461,112,180,CDMX,2025-11-06,1,Crédito,144.75,Artesano,Instagram,Entregado
1462,12,112,Querétaro,2025-11-06,1,Crédito,1049.0,Marca IKAL,Web,Entregado
1463,56,364,Toluca,2025-11-06,1,Débito,1256.29,Artesano,Web,Entregado
1464,102,351,Querétaro,2025-11-06,1,Crédito,813.91,Artesano,Instagram,Entregado
1465,68,391,CDMX,2025-12-06,1,Crédito,335.5,Artesano,Instagram,Entregado
1466,56,293,Monterrey,2025-06-13,1,Débito,1256.29,Artesano,Web,Entregado
1467,139,343,CDMX,2025-06-13,1,Débito,746.07,Artesano,Facebook,Entregado
1468,149,231,Xicotepec de Juárez,2025-06-14,1,Débito,339.62,Artesano,Instagram,Enviado
1469,102,208,CDMX,2025-06-14,2,Débito,1627.82,Artesano,WhatsApp,Enviado
1470,29,189,Puebla,2025-06-14,1,Débito,875.71,Marca IKAL,Web,Entregado
1471,137,360,Monterrey,2025-06-15,1,Crédito,293.88,Artesano,Instagram,Cancelado
1472,8,349,Guadalajara,2025-06-16,1,Débito,613.15,Marca IKAL,Instagram,Entregado
1473,16,366,Puebla,2025-06-16,1,Débito,885.45,Marca IKAL,Web,Enviado
1474,56,44,Monterrey,2025-06-16,1,Débito,1256.29,Artesano,Web,Entregado
1475,19,331,CDMX,2025-06-16,1,Débito,938.48,Marca IKAL,Web,Entregado
1476,1,35,Querétaro,2025-06-16,1,Crédito,331.73,Marca IKAL,Instagram,Enviado
1477,112,403,Pantepec,2025-06-16,1,Crédito,144.75,Artesano,Instagram,Entregado
1478,60,434,Monterrey,2025-06-17,2,Crédito,2114.12,Artesano,Web,Entregado
1479,30,370,Xicotepec de Juárez,2025-06-17,1,Crédito,610.73,Marca IKAL,Web,Enviado
1480,101,54,Xicotepec de Juárez,2025-06-17,1,Débito,292.88,Artesano,Web,Entregado
1481,138,195,Puebla,2025-06-17,1,Débito,406.86,Artesano,Web,Entregado
1482,95,186,Querétaro,2025-06-17,1,Débito,865.46,Artesano,Web,En preparación
1483,13,424,Puebla,2025-06-18,1,Crédito,249.47,Marca IKAL,WhatsApp,En preparación
1484,42,43,Puebla,2025-06-18,1,Débito,855.52,Artesano,Web,Entregado
1485,9,298,Guadalajara,2025-06-18,1,Débito,942.9,Marca IKAL,Facebook,Entregado
1486,15,312,Querétaro,2025-06-19,2,Crédito,1410.22,Marca IKAL,Instagram,Entregado
1487,30,375,Xicotepec de Juárez,2025-06-19,1,Crédito,610.73,Marca IKAL,Web,En preparación
1488,147,44,Monterrey,2025-06-19,1,Crédito,273.39,Artesano,WhatsApp,En preparación
1489,29,92,Xicotepec de Juárez,2025-06-19,1,Débito,875.71,Marca IKAL,Facebook,Entregado
1490,22,302,Xicotepec de Juárez,2025-06-19,1,Crédito,920.64,Marca IKAL,Web,Entregado
1491,47,322,Querétaro,2025-06-20,1,Débito,673.74,Artesano,Web,Entregado
1492,85,50,Xicotepec de Juárez,2025-06-20,1,Crédito,648.37,Artesano,Web,Entregado
1493,9,21,Puebla,2025-06-21,1,Débito,942.9,Marca IKAL,Web,Enviado
1494,137,56,Querétaro,2025-06-21,1,Débito,293.88,Artesano,Web,Entregado
1495,144,213,Querétaro,2025-06-21,1,Débito,1152.21,Artesano,Web,En preparación
1496,23,373,Monterrey,2025-06-21,1,Débito,1049.71,Marca IKAL,Instagram,Entregado
1497,53,25,Monterrey,2025-06-21,1,Crédito,925.01,Artesano,Facebook,Entregado
1498,15,220,Monterrey,2025-06-22,1,Crédito,705.11,Marca IKAL,Instagram,Entregado
1499,70,128,Toluca,2025-06-23,1,Débito,726.27,Artesano,Facebook,Entregado
1500,101,174,Toluca,2025-06-23,1,Crédito,292.88,Artesano,Web,Enviado
1501,68,351,Querétaro,2025-06-23,1,Débito,335.5,Artesano,Instagram,Enviado
1502,62,24,CDMX,2025-06-23,1,Crédito,538.39,Artesano,Web,Entregado
1503,36,453,Querétaro,2025-06-23,1,Crédito,853.51,Artesano,Web,Entregado
1504,85,70,Puebla,2025-06-24,1,Débito,648.37,Artesano,Web,Entregado
1505,30,244,Monterrey,2025-06-24,1,Crédito,610.73,Marca IKAL,Instagram,Entregado
1506,140,438,CDMX,2025-06-25,1,Débito,1069.46,Artesano,Instagram,Entregado
1507,12,9,Toluca,2025-06-25,1,Débito,1049.0,Marca IKAL,Facebook,Entregado
1508,88,9,Toluca,2025-06-25,1,Débito,866.06,Artesano,Web,Entregado
1509,144,365,Puebla,2025-06-26,1,Débito,1152.21,Artesano,Instagram,Entregado
1510,68,264,Guadalajara,2025-06-26,1,Crédito,335.5,Artesano,Web,Entregado
1511,144,414,Xicotepec de Juárez,2025-06-26,1,Débito,1152.21,Artesano,Web,Entregado
1512,128,74,Puebla,2025-06-27,1,Crédito,1349.46,Artesano,Instagram,Entregado
1513,146,252,Pantepec,2025-06-27,1,Crédito,299.41,Artesano,Web,Entregado
1514,10,43,Puebla,2025-06-28,1,Crédito,979.72,Marca IKAL,Facebook,Entregado
1515,45,305,Puebla,2025-06-28,2,Débito,553.6,Artesano,WhatsApp,Entregado
1516,1,40,CDMX,2025-06-29,1,Crédito,331.73,Marca IKAL,Facebook,Enviado
1517,93,7,Monterrey,2025-06-29,1,Débito,944.22,Artesano,Web,Entregado
1518,14,251,Monterrey,2025-06-29,1,Débito,681.09,Marca IKAL,Web,Cancelado
1519,112,222,CDMX,2025-06-30,1,Débito,144.75,Artesano,Web,Entregado
1520,11,377,Querétaro,2025-06-30,1,Débito,596.55,Marca IKAL,Web,Enviado
1521,42,327,Puebla,2025-06-30,2,Débito,1711.04,Artesano,Web,Entregado
1522,137,225,Querétaro,2025-01-07,1,Crédito,293.88,Artesano,Facebook,Entregado
1523,110,235,Querétaro,2025-02-07,2,Débito,948.86,Artesano,Web,Entregado
1524,88,58,Querétaro,2025-02-07,2,Crédito,1732.12,Artesano,WhatsApp,Entregado
1525,42,102,Querétaro,2025-03-07,2,Débito,1711.04,Artesano,Instagram,En preparación
1526,147,418,CDMX,2025-03-07,1,Débito,273.39,Artesano,Web,Entregado
1527,16,387,Toluca,2025-03-07,1,Crédito,885.45,Marca IKAL,Web,Entregado
1528,112,216,Puebla,2025-04-07,2,Crédito,289.5,Artesano,Instagram,Enviado
1529,110,49,Guadalajara,2025-04-07,1,Débito,474.43,Artesano,Instagram,Enviado
1530,13,14,CDMX,2025-04-07,1,Débito,249.47,Marca IKAL,Web,Entregado
1531,101,227,Guadalajara,2025-05-07,1,Crédito,292.88,Artesano,Instagram,Entregado
1532,53,200,Toluca,2025-05-07,2,Crédito,1850.02,Artesano,Web,En preparación
1533,12,104,Puebla,2025-06-07,2,Débito,2098.0,Marca IKAL,Facebook,Entregado
1534,123,240,Toluca,2025-06-07,1,Débito,250.94,Artesano,Web,Cancelado
1535,102,105,Xicotepec de Juárez,2025-06-07,2,Débito,1627.82,Artesano,Facebook,Entregado
1536,40,341,CDMX,2025-06-07,1,Débito,947.07,Artesano,Web,Entregado
1537,137,89,Xicotepec de Juárez,2025-06-07,1,Crédito,293.88,Artesano,Facebook,Entregado
1538,40,160,Guadalajara,2025-06-07,1,Débito,947.07,Artesano,Instagram,Cancelado
1539,62,265,Querétaro,2025-07-07,1,Crédito,538.39,Artesano,Web,Entregado
1540,17,254,Monterrey,2025-07-07,2,Débito,272.4,Marca IKAL,Web,Cancelado
1541,31,110,Puebla,2025-07-07,1,Débito,301.84,Artesano,Facebook,Entregado
1542,60,130,CDMX,2025-07-07,1,Débito,1057.06,Artesano,WhatsApp,Cancelado
1543,70,234,Monterrey,2025-08-07,1,Débito,726.27,Artesano,Facebook,Entregado
1544,137,122,Puebla,2025-07-08,1,Débito,293.88,Artesano,Web,Entregado
1545,140,328,CDMX,2025-08-07,1,Débito,1069.46,Artesano,Instagram,Entregado
1546,9,11,Puebla,2025-08-07,1,Débito,942.9,Marca IKAL,Instagram,Enviado
1547,62,245,Toluca,2025-09-07,1,Débito,538.39,Artesano,Instagram,Enviado
1548,60,23,Guadalajara,2025-09-07,1,Crédito,1057.06,Artesano,Web,En preparación
1549,6,415,CDMX,2025-09-07,1,Débito,240.8,Marca IKAL,Instagram,Entregado
1550,93,51,Guadalajara,2025-09-07,1,Crédito,944.22,Artesano,WhatsApp,Entregado
1551,9,347,Xicotepec de Juárez,2025-09-07,1,Débito,942.9,Marca IKAL,Web,En preparación
1552,47,254,Monterrey,2025-09-07,1,Crédito,673.74,Artesano,Web,En preparación
1553,98,104,Puebla,2025-09-07,1,Débito,151.34,Artesano,Web,Enviado
1554,110,199,Monterrey,2025-10-07,1,Crédito,474.43,Artesano,Facebook,Entregado
1555,139,388,CDMX,2025-10-07,1,Crédito,746.07,Artesano,Instagram,Entregado
1556,1,279,Guadalajara,2025-12-07,1,Crédito,331.73,Marca IKAL,Instagram,Enviado
1557,45,324,Querétaro,2025-12-07,1,Crédito,276.8,Artesano,Instagram,Entregado
1558,60,190,Puebla,2025-07-13,1,Crédito,1057.06,Artesano,Facebook,Entregado
1559,1,224,Toluca,2025-07-13,1,Débito,331.73,Marca IKAL,Web,Entregado
1560,10,349,Guadalajara,2025-07-13,1,Crédito,979.72,Marca IKAL,Web,Entregado
1561,20,66,Guadalajara,2025-07-13,1,Crédito,1250.45,Marca IKAL,WhatsApp,Entregado
1562,19,258,Xicotepec de Juárez,2025-07-13,1,Débito,938.48,Marca IKAL,Facebook,Entregado
1563,12,70,Puebla,2025-07-14,1,Crédito,1049.0,Marca IKAL,Facebook,Cancelado
1564,48,497,Puebla,2025-07-14,1,Débito,126.79,Artesano,Instagram,Enviado
1565,6,491,Monterrey,2025-07-14,1,Débito,240.8,Marca IKAL,Web,En preparación
1566,10,414,Xicotepec de Juárez,2025-07-14,1,Débito,979.72,Marca IKAL,Facebook,Entregado
1567,62,378,Toluca,2025-07-15,1,Crédito,538.39,Artesano,Web,Entregado
1568,5,394,CDMX,2025-07-15,1,Crédito,294.72,Marca IKAL,Web,Enviado
1569,15,300,Puebla,2025-07-15,1,Débito,705.11,Marca IKAL,Web,Entregado
1570,2,243,Querétaro,2025-07-15,1,Crédito,1027.04,Marca IKAL,WhatsApp,Entregado
1571,138,141,CDMX,2025-07-16,1,Crédito,406.86,Artesano,Web,Entregado
1572,2,204,CDMX,2025-07-16,1,Crédito,1027.04,Marca IKAL,WhatsApp,Entregado
1573,17,216,Puebla,2025-07-16,1,Débito,136.2,Marca IKAL,Instagram,Enviado
1574,133,348,Xicotepec de Juárez,2025-07-17,1,Débito,630.44,Artesano,Facebook,Enviado
1575,68,407,Puebla,2025-07-17,1,Débito,335.5,Artesano,Web,Entregado
1576,145,19,Xicotepec de Juárez,2025-07-18,1,Débito,312.51,Artesano,WhatsApp,Entregado
1577,48,255,Xicotepec de Juárez,2025-07-18,1,Débito,126.79,Artesano,Web,Entregado
1578,11,377,Querétaro,2025-07-18,1,Crédito,596.55,Marca IKAL,Facebook,Entregado
1579,47,400,Xicotepec de Juárez,2025-07-18,2,Débito,1347.48,Artesano,Instagram,En preparación
1580,137,250,Guadalajara,2025-07-19,1,Débito,293.88,Artesano,Web,Entregado
1581,79,354,Querétaro,2025-07-19,1,Crédito,440.88,Artesano,Facebook,Entregado
1582,53,404,Toluca,2025-07-19,1,Débito,925.01,Artesano,Instagram,Entregado
1583,110,341,CDMX,2025-07-20,1,Crédito,474.43,Artesano,Facebook,Entregado
1584,60,440,Monterrey,2025-07-20,1,Débito,1057.06,Artesano,Facebook,Entregado
1585,60,467,Querétaro,2025-07-20,2,Débito,2114.12,Artesano,Web,Entregado
1586,124,169,Puebla,2025-07-20,1,Crédito,849.93,Artesano,Web,Entregado
1587,79,278,Toluca,2025-07-20,1,Débito,440.88,Artesano,Web,Entregado
1588,22,464,CDMX,2025-07-20,1,Débito,920.64,Marca IKAL,Instagram,Cancelado
1589,56,65,CDMX,2025-07-21,1,Crédito,1256.29,Artesano,Facebook,Cancelado
1590,133,228,Guadalajara,2025-07-21,1,Débito,630.44,Artesano,Facebook,Entregado
1591,133,469,Puebla,2025-07-21,1,Crédito,630.44,Artesano,Web,Entregado
1592,141,262,Guadalajara,2025-07-21,1,Débito,228.97,Artesano,Web,Entregado
1593,6,30,Querétaro,2025-07-22,1,Débito,240.8,Marca IKAL,Web,En preparación
1594,62,20,Toluca,2025-07-22,1,Débito,538.39,Artesano,WhatsApp,Entregado
1595,85,129,Monterrey,2025-07-22,1,Débito,648.37,Artesano,Instagram,Entregado
1596,88,233,Monterrey,2025-07-22,1,Crédito,866.06,Artesano,Web,Entregado
1597,45,63,Puebla,2025-07-23,1,Crédito,276.8,Artesano,Facebook,Entregado
1598,8,181,Pantepec,2025-07-23,1,Débito,613.15,Marca IKAL,Web,Entregado
1599,85,424,Puebla,2025-07-23,1,Débito,648.37,Artesano,Facebook,Entregado
1600,1,228,Guadalajara,2025-07-23,1,Crédito,331.73,Marca IKAL,Web,Entregado
1601,102,154,Pantepec,2025-07-23,1,Crédito,813.91,Artesano,Instagram,Entregado
1602,47,75,CDMX,2025-07-23,1,Crédito,673.74,Artesano,Web,Entregado
1603,138,24,CDMX,2025-07-24,1,Crédito,406.86,Artesano,Web,Enviado
1604,9,385,Monterrey,2025-07-24,2,Crédito,1885.8,Marca IKAL,Instagram,Enviado
1605,6,120,CDMX,2025-07-24,1,Crédito,240.8,Marca IKAL,Facebook,Entregado
1606,22,394,CDMX,2025-07-25,2,Débito,1841.28,Marca IKAL,Web,Entregado
1607,128,19,Xicotepec de Juárez,2025-07-25,1,Débito,1349.46,Artesano,Web,Entregado
1608,149,143,Toluca,2025-07-25,1,Débito,339.62,Artesano,Instagram,Enviado
1609,40,507,Querétaro,2025-07-27,1,Crédito,947.07,Artesano,Instagram,Entregado
1610,139,245,Toluca,2025-07-27,1,Débito,746.07,Artesano,Instagram,En preparación
1611,21,254,Monterrey,2025-07-27,2,Crédito,1592.18,Marca IKAL,Web,Enviado
1612,62,425,CDMX,2025-07-27,1,Débito,538.39,Artesano,Instagram,Enviado
1613,2,12,Puebla,2025-07-27,1,Débito,1027.04,Marca IKAL,Instagram,Enviado
1614,144,92,Xicotepec de Juárez,2025-07-27,1,Crédito,1152.21,Artesano,Instagram,Entregado
1615,29,282,Puebla,2025-07-28,1,Débito,875.71,Marca IKAL,Web,Entregado
1616,120,235,Querétaro,2025-07-28,1,Débito,800.11,Artesano,Web,Entregado
1617,10,148,Toluca,2025-07-28,1,Crédito,979.72,Marca IKAL,Web,Entregado
1618,120,15,CDMX,2025-07-28,2,Crédito,1600.22,Artesano,Instagram,Entregado
1619,15,284,Guadalajara,2025-07-29,1,Débito,705.11,Marca IKAL,Web,Entregado
1620,149,129,Monterrey,2025-07-29,1,Débito,339.62,Artesano,Web,Entregado
1621,145,21,Puebla,2025-07-29,2,Crédito,625.02,Artesano,Facebook,Entregado
1622,98,147,Querétaro,2025-07-30,1,Débito,151.34,Artesano,Instagram,Entregado
1623,16,348,Xicotepec de Juárez,2025-07-30,1,Débito,885.45,Marca IKAL,Facebook,Entregado
1624,36,514,CDMX,2025-07-31,1,Débito,853.51,Artesano,Facebook,Entregado
1625,56,338,Monterrey,2025-07-31,1,Débito,1256.29,Artesano,WhatsApp,Cancelado
1626,53,341,CDMX,2025-07-31,1,Crédito,925.01,Artesano,Facebook,Entregado
1627,23,465,Xicotepec de Juárez,2025-07-31,1,Débito,1049.71,Marca IKAL,Web,Entregado
1628,45,250,Guadalajara,2025-01-08,1,Débito,276.8,Artesano,Web,Entregado
1629,4,36,Monterrey,2025-01-08,2,Crédito,2249.58,Marca IKAL,Instagram,Entregado
1630,75,242,Xicotepec de Juárez,2025-01-08,1,Crédito,333.06,Artesano,Facebook,Entregado
1631,36,510,CDMX,2025-01-08,1,Crédito,853.51,Artesano,Facebook,Entregado
1632,5,443,CDMX,2025-02-08,1,Débito,294.72,Marca IKAL,Web,Cancelado
1633,79,267,Toluca,2025-02-08,1,Débito,440.88,Artesano,Instagram,Entregado
1634,62,440,Monterrey,2025-02-08,1,Débito,538.39,Artesano,Web,Entregado
1635,1,208,CDMX,2025-02-08,1,Débito,331.73,Marca IKAL,Instagram,Entregado
1636,36,390,CDMX,2025-04-08,1,Crédito,853.51,Artesano,Instagram,Entregado
1637,138,13,Monterrey,2025-04-08,1,Débito,406.86,Artesano,Instagram,En preparación
1638,146,66,Guadalajara,2025-04-08,1,Crédito,299.41,Artesano,Web,Entregado
1639,6,325,Puebla,2025-05-08,1,Crédito,240.8,Marca IKAL,Facebook,Cancelado
1640,128,331,CDMX,2025-05-08,1,Crédito,1349.46,Artesano,Instagram,Entregado
1641,79,484,Monterrey,2025-05-08,1,Crédito,440.88,Artesano,Web,Enviado
1642,145,303,Puebla,2025-06-08,2,Crédito,625.02,Artesano,Web,Entregado
1643,98,390,CDMX,2025-06-08,2,Débito,302.68,Artesano,Facebook,Entregado
1644,123,392,Toluca,2025-06-08,1,Débito,250.94,Artesano,Instagram,Entregado
1645,145,218,Guadalajara,2025-07-08,1,Débito,312.51,Artesano,Instagram,Enviado
1646,2,214,Guadalajara,2025-07-08,1,Débito,1027.04,Marca IKAL,Instagram,Entregado
1647,45,413,Puebla,2025-07-08,2,Crédito,553.6,Artesano,Instagram,Entregado
1648,36,326,Toluca,2025-07-08,1,Débito,853.51,Artesano,Instagram,Enviado
1649,137,119,Monterrey,2025-08-08,2,Crédito,587.76,Artesano,Web,Enviado
1650,13,374,Pantepec,2025-08-08,1,Débito,249.47,Marca IKAL,Instagram,Enviado
1651,40,368,Xicotepec de Juárez,2025-08-08,1,Crédito,947.07,Artesano,Instagram,Entregado
1652,56,369,Guadalajara,2025-08-08,1,Crédito,1256.29,Artesano,WhatsApp,Entregado
1653,124,45,Querétaro,2025-08-08,1,Débito,849.93,Artesano,Facebook,Entregado
1654,30,36,Monterrey,2025-08-09,1,Crédito,610.73,Marca IKAL,Web,Entregado
1655,16,267,Toluca,2025-09-08,1,Débito,885.45,Marca IKAL,Web,Entregado
1656,144,339,Monterrey,2025-08-09,2,Débito,2304.42,Artesano,Facebook,Entregado
1657,53,307,Guadalajara,2025-09-08,1,Débito,925.01,Artesano,Web,Enviado
1658,1,345,Toluca,2025-10-08,1,Débito,331.73,Marca IKAL,Instagram,Entregado
1659,21,221,Toluca,2025-10-08,1,Crédito,796.09,Marca IKAL,Facebook,Enviado
1660,75,197,Guadalajara,2025-10-08,1,Crédito,333.06,Artesano,Web,Entregado
1661,146,200,Toluca,2025-10-08,2,Crédito,598.82,Artesano,Web,Enviado
1662,133,213,Querétaro,2025-11-08,1,Crédito,630.44,Artesano,Facebook,Entregado
1663,16,407,Puebla,2025-11-08,2,Débito,1770.9,Marca IKAL,WhatsApp,Enviado
1664,101,477,Puebla,2025-11-08,1,Débito,292.88,Artesano,Web,Entregado
1665,146,246,Pantepec,2025-11-08,2,Débito,598.82,Artesano,Web,Entregado
1666,22,115,Querétaro,2025-11-08,1,Crédito,920.64,Marca IKAL,WhatsApp,Entregado
1667,54,219,Puebla,2025-12-08,1,Débito,916.64,Artesano,Facebook,Entregado
1668,56,127,Guadalajara,2025-12-08,2,Débito,2512.58,Artesano,Facebook,Entregado
1669,40,447,Monterrey,2025-12-08,2,Débito,1894.14,Artesano,Web,Entregado
1670,102,264,Guadalajara,2025-12-08,1,Débito,813.91,Artesano,Facebook,Entregado
1671,146,258,Xicotepec de Juárez,2025-12-08,1,Crédito,299.41,Artesano,WhatsApp,Entregado
1672,95,523,Monterrey,2025-08-13,1,Débito,865.46,Artesano,Web,Entregado
1673,22,79,Monterrey,2025-08-13,1,Débito,920.64,Marca IKAL,Facebook,Entregado
1674,139,221,Toluca,2025-08-13,1,Débito,746.07,Artesano,Facebook,Entregado
1675,95,448,Guadalajara,2025-08-13,1,Débito,865.46,Artesano,Web,En preparación
1676,139,179,Xicotepec de Juárez,2025-08-13,1,Crédito,746.07,Artesano,Facebook,Cancelado
1677,85,493,Monterrey,2025-08-14,1,Débito,648.37,Artesano,WhatsApp,Entregado
1678,36,481,Querétaro,2025-08-15,1,Crédito,853.51,Artesano,Web,Entregado
1679,133,44,Monterrey,2025-08-15,1,Crédito,630.44,Artesano,Facebook,Entregado
1680,53,192,Xicotepec de Juárez,2025-08-16,1,Crédito,925.01,Artesano,Facebook,Entregado
1681,20,242,Xicotepec de Juárez,2025-08-16,1,Crédito,1250.45,Marca IKAL,WhatsApp,Enviado
1682,53,291,Monterrey,2025-08-17,1,Crédito,925.01,Artesano,Web,Entregado
1683,88,138,Querétaro,2025-08-17,1,Crédito,866.06,Artesano,Web,Entregado
1684,24,435,Querétaro,2025-08-17,1,Crédito,276.07,Marca IKAL,Instagram,En preparación
1685,147,402,Monterrey,2025-08-17,1,Débito,273.39,Artesano,Instagram,Entregado
1686,12,466,Querétaro,2025-08-18,1,Crédito,1049.0,Marca IKAL,Web,Enviado
1687,95,212,Xicotepec de Juárez,2025-08-18,1,Crédito,865.46,Artesano,Facebook,Cancelado
1688,75,157,CDMX,2025-08-18,2,Débito,666.12,Artesano,Facebook,Entregado
1689,140,290,Monterrey,2025-08-18,1,Débito,1069.46,Artesano,Web,Entregado
1690,85,311,Puebla,2025-08-18,1,Débito,648.37,Artesano,Web,Entregado
1691,18,515,Xicotepec de Juárez,2025-08-18,1,Débito,150.45,Marca IKAL,WhatsApp,Enviado
1692,42,261,Monterrey,2025-08-18,1,Débito,855.52,Artesano,Web,Entregado
1693,60,477,Puebla,2025-08-18,1,Crédito,1057.06,Artesano,Instagram,Entregado
1694,5,531,Monterrey,2025-08-18,1,Débito,294.72,Marca IKAL,Instagram,Entregado
1695,68,521,Guadalajara,2025-08-19,1,Débito,335.5,Artesano,Web,Entregado
1696,4,378,Toluca,2025-08-19,1,Crédito,1124.79,Marca IKAL,Web,Entregado
1697,128,426,Guadalajara,2025-08-19,1,Crédito,1349.46,Artesano,WhatsApp,Enviado
1698,120,140,Monterrey,2025-08-19,1,Crédito,800.11,Artesano,Web,Entregado
1699,85,433,Monterrey,2025-08-19,1,Débito,648.37,Artesano,Web,Enviado
1700,12,56,Querétaro,2025-08-19,1,Débito,1049.0,Marca IKAL,Instagram,Entregado
1701,23,192,Xicotepec de Juárez,2025-08-19,1,Crédito,1049.71,Marca IKAL,Instagram,Entregado
1702,145,117,CDMX,2025-08-20,1,Crédito,312.51,Artesano,Web,Entregado
1703,29,367,Querétaro,2025-08-20,1,Crédito,875.71,Marca IKAL,Instagram,En preparación
1704,145,240,Toluca,2025-08-20,1,Crédito,312.51,Artesano,Web,Enviado
1705,40,91,CDMX,2025-08-20,1,Crédito,947.07,Artesano,Instagram,Entregado
1706,13,252,Pantepec,2025-08-21,2,Débito,498.94,Marca IKAL,Web,Entregado
1707,137,531,Monterrey,2025-08-21,1,Débito,293.88,Artesano,Instagram,Enviado
1708,45,10,CDMX,2025-08-21,1,Débito,276.8,Artesano,Web,Entregado
1709,101,166,Monterrey,2025-08-21,1,Débito,292.88,Artesano,Instagram,Entregado
1710,146,507,Querétaro,2025-08-21,1,Crédito,299.41,Artesano,Web,Entregado
1711,62,120,CDMX,2025-08-21,1,Crédito,538.39,Artesano,WhatsApp,Entregado
1712,138,509,Querétaro,2025-08-21,2,Débito,813.72,Artesano,Instagram,Entregado
1713,141,435,Querétaro,2025-08-22,1,Crédito,228.97,Artesano,Facebook,Entregado
1714,87,363,CDMX,2025-08-23,1,Débito,1332.79,Artesano,WhatsApp,Entregado
1715,98,348,Xicotepec de Juárez,2025-08-24,1,Débito,151.34,Artesano,Facebook,Entregado
1716,98,318,CDMX,2025-08-24,1,Crédito,151.34,Artesano,Web,Enviado
1717,62,337,CDMX,2025-08-25,1,Débito,538.39,Artesano,Instagram,Entregado
1718,82,522,Guadalajara,2025-08-26,1,Débito,170.22,Artesano,Instagram,Entregado
1719,138,135,Querétaro,2025-08-26,1,Débito,406.86,Artesano,Instagram,En preparación
1720,56,301,Pantepec,2025-08-26,2,Débito,2512.58,Artesano,Web,Entregado
1721,124,238,Puebla,2025-08-26,1,Crédito,849.93,Artesano,Facebook,En preparación
1722,5,262,Guadalajara,2025-08-26,1,Débito,294.72,Marca IKAL,Web,Entregado
1723,88,354,Querétaro,2025-08-27,2,Crédito,1732.12,Artesano,Web,Entregado
1724,48,232,CDMX,2025-08-27,1,Crédito,126.79,Artesano,Instagram,Entregado
1725,133,523,Monterrey,2025-08-27,1,Débito,630.44,Artesano,Web,Entregado
1726,4,159,Monterrey,2025-08-27,1,Crédito,1124.79,Marca IKAL,Web,Cancelado
1727,4,211,Guadalajara,2025-08-27,1,Crédito,1124.79,Marca IKAL,Web,Enviado
1728,102,125,Toluca,2025-08-28,1,Débito,813.91,Artesano,Instagram,Entregado
1729,21,432,Puebla,2025-08-28,1,Crédito,796.09,Marca IKAL,Facebook,Cancelado
1730,62,422,CDMX,2025-08-28,2,Débito,1076.78,Artesano,Instagram,Entregado
1731,30,123,Querétaro,2025-08-28,1,Crédito,610.73,Marca IKAL,Web,Entregado
1732,12,40,CDMX,2025-08-29,1,Crédito,1049.0,Marca IKAL,Web,Entregado
1733,101,299,Puebla,2025-08-29,2,Crédito,585.76,Artesano,Web,Enviado
1734,93,57,Monterrey,2025-08-29,2,Crédito,1888.44,Artesano,Instagram,Cancelado
1735,4,432,Puebla,2025-08-29,2,Débito,2249.58,Marca IKAL,Instagram,Entregado
1736,137,247,Toluca,2025-08-29,1,Débito,293.88,Artesano,Facebook,En preparación
1737,79,1,CDMX,2025-08-29,1,Débito,440.88,Artesano,Web,Entregado
1738,31,152,Xicotepec de Juárez,2025-08-29,2,Débito,603.68,Artesano,WhatsApp,En preparación
1739,137,136,Monterrey,2025-08-30,1,Débito,293.88,Artesano,Instagram,Entregado
1740,98,325,Puebla,2025-08-30,2,Débito,302.68,Artesano,Instagram,Entregado
1741,40,330,Querétaro,2025-08-30,2,Débito,1894.14,Artesano,Facebook,Entregado
1742,75,478,Toluca,2025-08-30,2,Débito,666.12,Artesano,Instagram,Enviado
1743,63,245,Toluca,2025-08-30,1,Débito,491.36,Artesano,Instagram,Entregado
1744,88,545,CDMX,2025-08-30,2,Crédito,1732.12,Artesano,Web,Entregado
1745,86,121,Pantepec,2025-08-30,1,Crédito,704.88,Artesano,Instagram,Enviado
1746,14,328,CDMX,2025-08-31,1,Débito,681.09,Marca IKAL,Instagram,Entregado
1747,18,263,Querétaro,2025-08-31,1,Crédito,150.45,Marca IKAL,Facebook,Enviado
1748,68,217,Xicotepec de Juárez,2025-08-31,1,Crédito,335.5,Artesano,Web,Enviado
1749,14,401,Monterrey,2025-01-09,1,Débito,681.09,Marca IKAL,Facebook,Enviado
1750,5,59,Pantepec,2025-01-09,2,Débito,589.44,Marca IKAL,Instagram,Entregado
1751,24,154,Pantepec,2025-09-02,1,Crédito,276.07,Marca IKAL,WhatsApp,Entregado
1752,139,26,Guadalajara,2025-02-09,1,Débito,746.07,Artesano,Web,Enviado
1753,60,503,Xicotepec de Juárez,2025-03-09,1,Crédito,1057.06,Artesano,Instagram,Entregado
1754,112,271,Monterrey,2025-03-09,1,Crédito,144.75,Artesano,Web,Entregado
1755,19,268,Monterrey,2025-03-09,1,Débito,938.48,Marca IKAL,WhatsApp,Enviado
1756,5,273,CDMX,2025-03-09,2,Débito,589.44,Marca IKAL,Instagram,Entregado
1757,120,489,Guadalajara,2025-09-04,1,Débito,800.11,Artesano,Web,Entregado
1758,40,491,Monterrey,2025-04-09,2,Crédito,1894.14,Artesano,Web,Entregado
1759,144,37,CDMX,2025-04-09,1,Crédito,1152.21,Artesano,Web,Entregado
1760,141,121,Pantepec,2025-04-09,1,Débito,228.97,Artesano,Instagram,Entregado
1761,14,132,Puebla,2025-05-09,1,Débito,681.09,Marca IKAL,Web,Entregado
1762,125,400,Xicotepec de Juárez,2025-05-09,1,Crédito,384.12,Artesano,Instagram,Enviado
1763,14,144,CDMX,2025-05-09,1,Crédito,681.09,Marca IKAL,Facebook,Entregado
1764,42,147,Querétaro,2025-06-09,2,Débito,1711.04,Artesano,Instagram,Entregado
1765,145,223,Puebla,2025-06-09,1,Débito,312.51,Artesano,Instagram,Entregado
1766,51,306,Xicotepec de Juárez,2025-06-09,2,Débito,272.02,Artesano,Facebook,Enviado
1767,47,223,Puebla,2025-07-09,1,Débito,673.74,Artesano,Instagram,Cancelado
1768,28,338,Monterrey,2025-07-09,2,Débito,921.62,Marca IKAL,Web,Entregado
1769,36,480,Toluca,2025-08-09,1,Débito,853.51,Artesano,Web,Entregado
1770,62,158,CDMX,2025-08-09,2,Crédito,1076.78,Artesano,Web,Entregado
1771,75,527,Guadalajara,2025-08-09,1,Crédito,333.06,Artesano,Web,Entregado
1772,120,326,Toluca,2025-08-09,1,Crédito,800.11,Artesano,Web,Entregado
1773,8,136,Monterrey,2025-08-09,1,Crédito,613.15,Marca IKAL,Web,Entregado
1774,144,108,Querétaro,2025-08-09,1,Crédito,1152.21,Artesano,Web,Entregado
1775,11,463,Monterrey,2025-09-09,1,Crédito,596.55,Marca IKAL,Web,Entregado
1776,87,462,Monterrey,2025-10-09,1,Crédito,1332.79,Artesano,WhatsApp,Entregado
1777,15,368,Xicotepec de Juárez,2025-10-09,1,Débito,705.11,Marca IKAL,Instagram,Entregado
1778,33,1,CDMX,2025-11-09,2,Crédito,275.0,Artesano,Instagram,Entregado
1779,75,494,Puebla,2025-09-12,1,Crédito,333.06,Artesano,Instagram,Entregado
1780,23,36,Monterrey,2025-12-09,1,Débito,1049.71,Marca IKAL,Instagram,En preparación
1781,6,383,Puebla,2025-12-09,1,Crédito,240.8,Marca IKAL,Facebook,Entregado
1782,48,96,Monterrey,2025-09-13,1,Crédito,126.79,Artesano,Facebook,Entregado
1783,139,20,Toluca,2025-09-13,2,Débito,1492.14,Artesano,Instagram,Entregado
1784,68,90,Xicotepec de Juárez,2025-09-13,1,Débito,335.5,Artesano,Web,Enviado
1785,63,180,CDMX,2025-09-13,2,Crédito,982.72,Artesano,Web,En preparación
1786,62,310,Pantepec,2025-09-13,1,Débito,538.39,Artesano,Web,Cancelado
1787,54,236,Querétaro,2025-09-13,1,Débito,916.64,Artesano,Instagram,Entregado
1788,13,276,Xicotepec de Juárez,2025-09-14,1,Crédito,249.47,Marca IKAL,Instagram,Entregado
1789,15,127,Guadalajara,2025-09-14,1,Débito,705.11,Marca IKAL,Facebook,Enviado
1790,42,438,CDMX,2025-09-14,1,Crédito,855.52,Artesano,Facebook,Entregado
1791,147,449,Xicotepec de Juárez,2025-09-15,1,Crédito,273.39,Artesano,Web,Entregado
1792,149,57,Monterrey,2025-09-15,1,Débito,339.62,Artesano,Web,Entregado
1793,22,455,CDMX,2025-09-16,1,Débito,920.64,Marca IKAL,Facebook,Entregado
1794,86,328,CDMX,2025-09-16,1,Crédito,704.88,Artesano,Web,Entregado
1795,88,67,Guadalajara,2025-09-17,1,Crédito,866.06,Artesano,Instagram,Entregado
1796,120,83,Xicotepec de Juárez,2025-09-17,1,Crédito,800.11,Artesano,WhatsApp,Entregado
1797,120,502,Monterrey,2025-09-17,1,Crédito,800.11,Artesano,Instagram,Entregado
1798,149,145,Puebla,2025-09-17,1,Crédito,339.62,Artesano,Web,Entregado
1799,93,363,CDMX,2025-09-17,1,Débito,944.22,Artesano,Instagram,Entregado
1800,9,265,Querétaro,2025-09-18,1,Crédito,942.9,Marca IKAL,Facebook,Cancelado
1801,142,242,Xicotepec de Juárez,2025-09-18,1,Crédito,788.62,Artesano,Facebook,Entregado
1802,16,366,Puebla,2025-09-19,2,Débito,1770.9,Marca IKAL,Facebook,Entregado
1803,97,308,Puebla,2025-09-19,2,Crédito,1663.52,Artesano,Web,Entregado
1804,15,372,Xicotepec de Juárez,2025-09-19,1,Crédito,705.11,Marca IKAL,WhatsApp,Cancelado
1805,70,225,Querétaro,2025-09-19,1,Débito,726.27,Artesano,Web,Entregado
1806,88,109,Pantepec,2025-09-19,1,Crédito,866.06,Artesano,Web,Entregado
1807,31,394,CDMX,2025-09-20,1,Crédito,301.84,Artesano,Facebook,Entregado
1808,16,161,Puebla,2025-09-20,2,Débito,1770.9,Marca IKAL,WhatsApp,Entregado
1809,140,494,Puebla,2025-09-21,2,Crédito,2138.92,Artesano,WhatsApp,Entregado
1810,2,127,Guadalajara,2025-09-22,1,Débito,1027.04,Marca IKAL,Instagram,Entregado
1811,56,403,Pantepec,2025-09-22,1,Crédito,1256.29,Artesano,WhatsApp,Enviado
1812,104,569,Monterrey,2025-09-22,1,Crédito,617.8,Artesano,Instagram,Entregado
1813,98,369,Guadalajara,2025-09-22,2,Débito,302.68,Artesano,Facebook,Entregado
1814,28,541,Puebla,2025-09-23,1,Débito,460.81,Marca IKAL,WhatsApp,Cancelado
1815,2,456,Puebla,2025-09-23,1,Crédito,1027.04,Marca IKAL,Facebook,Entregado
1816,75,302,Xicotepec de Juárez,2025-09-23,1,Crédito,333.06,Artesano,Web,Entregado
1817,145,316,Puebla,2025-09-23,1,Crédito,312.51,Artesano,Web,Entregado
1818,120,253,Guadalajara,2025-09-23,1,Débito,800.11,Artesano,Facebook,Enviado
1819,56,130,CDMX,2025-09-24,1,Débito,1256.29,Artesano,Web,Entregado
1820,56,394,CDMX,2025-09-24,1,Débito,1256.29,Artesano,Instagram,Entregado
1821,62,436,Puebla,2025-09-24,1,Débito,538.39,Artesano,Instagram,Entregado
1822,140,257,CDMX,2025-09-25,1,Crédito,1069.46,Artesano,WhatsApp,Enviado
1823,48,463,Monterrey,2025-09-25,1,Crédito,126.79,Artesano,Web,Entregado
1824,31,362,Querétaro,2025-09-25,1,Crédito,301.84,Artesano,Web,Entregado
1825,20,334,CDMX,2025-09-25,1,Crédito,1250.45,Marca IKAL,Web,Entregado
1826,140,272,CDMX,2025-09-26,1,Crédito,1069.46,Artesano,Instagram,Entregado
1827,145,339,Monterrey,2025-09-26,1,Crédito,312.51,Artesano,Web,Entregado
1828,30,62,Toluca,2025-09-26,1,Débito,610.73,Marca IKAL,Web,Cancelado
1829,20,465,Xicotepec de Juárez,2025-09-27,1,Crédito,1250.45,Marca IKAL,Web,Cancelado
1830,147,277,Guadalajara,2025-09-27,1,Crédito,273.39,Artesano,Web,Entregado
1831,62,477,Puebla,2025-09-27,1,Débito,538.39,Artesano,WhatsApp,Entregado
1832,70,243,Querétaro,2025-09-27,1,Crédito,726.27,Artesano,WhatsApp,Entregado
1833,125,526,Xicotepec de Juárez,2025-09-28,2,Crédito,768.24,Artesano,Web,Entregado
1834,11,490,CDMX,2025-09-28,2,Crédito,1193.1,Marca IKAL,Instagram,Entregado
1835,149,192,Xicotepec de Juárez,2025-09-28,1,Crédito,339.62,Artesano,Instagram,Entregado
1836,133,202,Querétaro,2025-09-28,1,Débito,630.44,Artesano,Web,En preparación
1837,5,512,CDMX,2025-09-28,1,Débito,294.72,Marca IKAL,Facebook,Entregado
1838,133,51,Guadalajara,2025-09-29,1,Débito,630.44,Artesano,Instagram,Enviado
1839,28,226,Guadalajara,2025-09-29,1,Débito,460.81,Marca IKAL,Web,Enviado
1840,133,408,CDMX,2025-09-30,1,Crédito,630.44,Artesano,Web,Entregado
1841,30,279,Guadalajara,2025-09-30,1,Débito,610.73,Marca IKAL,Instagram,Entregado
1842,54,299,Puebla,2025-09-30,1,Crédito,916.64,Artesano,Instagram,Entregado
1843,47,532,Toluca,2025-09-30,2,Débito,1347.48,Artesano,Instagram,Enviado
1844,101,92,Xicotepec de Juárez,2025-09-30,1,Crédito,292.88,Artesano,Web,Entregado
1845,33,112,Querétaro,2025-01-10,1,Débito,137.5,Artesano,Instagram,Entregado
1846,16,145,Puebla,2025-01-10,1,Crédito,885.45,Marca IKAL,Web,Enviado
1847,110,383,Puebla,2025-01-10,1,Crédito,474.43,Artesano,Facebook,Enviado
1848,56,121,Pantepec,2025-01-10,1,Crédito,1256.29,Artesano,Instagram,Entregado
1849,87,511,CDMX,2025-01-10,1,Débito,1332.79,Artesano,Instagram,Entregado
1850,86,120,CDMX,2025-01-10,1,Crédito,704.88,Artesano,WhatsApp,Entregado
1851,110,321,CDMX,2025-10-02,1,Crédito,474.43,Artesano,Instagram,En preparación
1852,141,573,CDMX,2025-02-10,1,Débito,228.97,Artesano,Web,Entregado
1853,75,7,Monterrey,2025-02-10,2,Débito,666.12,Artesano,Instagram,Cancelado
1854,110,375,Xicotepec de Juárez,2025-02-10,1,Crédito,474.43,Artesano,Web,Entregado
1855,124,68,Toluca,2025-02-10,1,Débito,849.93,Artesano,Web,Entregado
1856,10,294,CDMX,2025-10-02,1,Débito,979.72,Marca IKAL,WhatsApp,Entregado
1857,112,21,Puebla,2025-03-10,1,Crédito,144.75,Artesano,Web,Entregado
1858,33,24,CDMX,2025-03-10,1,Débito,137.5,Artesano,Web,Cancelado
1859,53,49,Guadalajara,2025-03-10,1,Crédito,925.01,Artesano,Facebook,Enviado
1860,9,289,CDMX,2025-04-10,1,Crédito,942.9,Marca IKAL,Facebook,Entregado
1861,28,273,CDMX,2025-04-10,1,Crédito,460.81,Marca IKAL,Web,Entregado
1862,15,582,CDMX,2025-04-10,1,Crédito,705.11,Marca IKAL,Facebook,Entregado
1863,40,81,Xicotepec de Juárez,2025-04-10,1,Crédito,947.07,Artesano,Facebook,En preparación
1864,6,346,Guadalajara,2025-04-10,1,Débito,240.8,Marca IKAL,Web,Entregado
1865,83,563,Puebla,2025-05-10,1,Débito,284.51,Artesano,Web,Entregado
1866,138,189,Puebla,2025-05-10,1,Débito,406.86,Artesano,Instagram,Entregado
1867,99,89,Xicotepec de Juárez,2025-05-10,1,Débito,562.15,Artesano,Web,Enviado
1868,97,129,Monterrey,2025-05-10,2,Crédito,1663.52,Artesano,Facebook,Entregado
1869,3,5,Xicotepec de Juárez,2025-05-10,1,Débito,335.54,Marca IKAL,WhatsApp,Entregado
1870,8,1,CDMX,2025-05-10,1,Crédito,613.15,Marca IKAL,Facebook,Entregado
1871,1,94,Querétaro,2025-05-10,1,Crédito,331.73,Marca IKAL,Web,En preparación
1872,144,43,Puebla,2025-05-10,1,Débito,1152.21,Artesano,Web,Entregado
1873,33,480,Toluca,2025-05-10,2,Crédito,275.0,Artesano,Facebook,Entregado
1874,62,444,Monterrey,2025-06-10,2,Crédito,1076.78,Artesano,Instagram,Entregado
1875,3,221,Toluca,2025-06-10,1,Crédito,335.54,Marca IKAL,Instagram,Entregado
1876,86,228,Guadalajara,2025-06-10,1,Débito,704.88,Artesano,Facebook,Entregado
1877,123,487,Guadalajara,2025-07-10,1,Débito,250.94,Artesano,Instagram,Entregado
1878,62,251,Monterrey,2025-10-07,2,Débito,1076.78,Artesano,Web,Entregado
1879,14,116,Monterrey,2025-07-10,1,Débito,681.09,Marca IKAL,Web,Entregado
1880,102,479,CDMX,2025-08-10,1,Débito,813.91,Artesano,Instagram,Entregado
1881,16,379,Pantepec,2025-08-10,1,Crédito,885.45,Marca IKAL,Web,Cancelado
1882,10,560,Puebla,2025-08-10,1,Débito,979.72,Marca IKAL,Web,Entregado
1883,82,131,Puebla,2025-08-10,1,Crédito,170.22,Artesano,Facebook,Entregado
1884,51,385,Monterrey,2025-09-10,1,Débito,136.01,Artesano,Web,Entregado
1885,36,6,Puebla,2025-09-10,2,Débito,1707.02,Artesano,Instagram,Entregado
1886,51,533,Guadalajara,2025-09-10,1,Débito,136.01,Artesano,Instagram,Entregado
1887,79,198,CDMX,2025-09-10,1,Débito,440.88,Artesano,Instagram,Entregado
1888,85,75,CDMX,2025-09-10,1,Débito,648.37,Artesano,Instagram,Entregado
1889,20,364,Toluca,2025-10-10,1,Crédito,1250.45,Marca IKAL,Facebook,Entregado
1890,4,175,CDMX,2025-10-10,1,Débito,1124.79,Marca IKAL,Facebook,Enviado
1891,124,137,CDMX,2025-10-10,1,Débito,849.93,Artesano,Instagram,Entregado
1892,140,195,Puebla,2025-10-10,1,Débito,1069.46,Artesano,Facebook,Entregado
1893,3,553,Xicotepec de Juárez,2025-10-10,1,Débito,335.54,Marca IKAL,Instagram,Entregado
1894,33,151,CDMX,2025-11-10,1,Crédito,137.5,Artesano,Web,Entregado
1895,27,225,Querétaro,2025-11-10,1,Crédito,407.42,Marca IKAL,Facebook,Entregado
1896,149,164,Xicotepec de Juárez,2025-11-10,1,Crédito,339.62,Artesano,Instagram,Entregado
1897,30,343,CDMX,2025-12-10,1,Crédito,610.73,Marca IKAL,Instagram,Entregado
1898,9,140,Monterrey,2025-12-10,1,Débito,942.9,Marca IKAL,Web,Enviado
1899,36,558,Monterrey,2025-12-10,1,Débito,853.51,Artesano,Web,Enviado
1900,60,441,Xicotepec de Juárez,2025-10-13,2,Crédito,2114.12,Artesano,Facebook,Entregado
1901,68,342,Querétaro,2025-10-13,1,Crédito,335.5,Artesano,WhatsApp,Entregado
1902,134,526,Xicotepec de Juárez,2025-10-13,1,Crédito,256.55,Artesano,Web,Entregado
1903,97,219,Puebla,2025-10-13,1,Débito,831.76,Artesano,WhatsApp,Entregado
1904,95,164,Xicotepec de Juárez,2025-10-13,1,Débito,865.46,Artesano,Web,Enviado
1905,56,45,Querétaro,2025-10-14,1,Crédito,1256.29,Artesano,WhatsApp,Cancelado
1906,27,214,Guadalajara,2025-10-14,1,Débito,407.42,Marca IKAL,Web,Entregado
1907,40,66,Guadalajara,2025-10-14,1,Débito,947.07,Artesano,WhatsApp,Entregado
1908,147,41,Monterrey,2025-10-14,1,Crédito,273.39,Artesano,Facebook,Entregado
1909,24,109,Pantepec,2025-10-14,1,Crédito,276.07,Marca IKAL,WhatsApp,Entregado
1910,104,236,Querétaro,2025-10-15,1,Crédito,617.8,Artesano,Facebook,Cancelado
1911,78,352,Querétaro,2025-10-15,1,Débito,1027.23,Artesano,Web,Entregado
1912,82,371,Guadalajara,2025-10-15,1,Débito,170.22,Artesano,Instagram,Cancelado
1913,15,373,Monterrey,2025-10-16,1,Débito,705.11,Marca IKAL,WhatsApp,Entregado
1914,149,285,CDMX,2025-10-16,2,Crédito,679.24,Artesano,Web,Entregado
1915,17,413,Puebla,2025-10-16,1,Crédito,136.2,Marca IKAL,Web,Enviado
1916,79,58,Querétaro,2025-10-16,1,Crédito,440.88,Artesano,Web,Entregado
1917,102,482,Puebla,2025-10-17,1,Crédito,813.91,Artesano,Instagram,Entregado
1918,63,409,Xicotepec de Juárez,2025-10-17,1,Débito,491.36,Artesano,Instagram,Entregado
1919,63,124,Toluca,2025-10-18,1,Crédito,491.36,Artesano,Web,Entregado
1920,27,414,Xicotepec de Juárez,2025-10-18,1,Débito,407.42,Marca IKAL,Web,En preparación
1921,104,475,CDMX,2025-10-18,1,Débito,617.8,Artesano,Facebook,Entregado
1922,28,57,Monterrey,2025-10-18,1,Crédito,460.81,Marca IKAL,Web,Entregado
1923,140,19,Xicotepec de Juárez,2025-10-18,1,Débito,1069.46,Artesano,Instagram,Entregado
1924,150,254,Monterrey,2025-10-19,1,Débito,340.35,Artesano,Instagram,Enviado
1925,5,151,CDMX,2025-10-19,1,Débito,294.72,Marca IKAL,Facebook,Entregado
1926,4,206,Monterrey,2025-10-20,1,Crédito,1124.79,Marca IKAL,Web,Entregado
1927,93,128,Toluca,2025-10-20,1,Crédito,944.22,Artesano,Web,Entregado
1928,62,303,Puebla,2025-10-21,1,Débito,538.39,Artesano,Web,Entregado
1929,42,151,CDMX,2025-10-21,1,Crédito,855.52,Artesano,WhatsApp,Entregado
1930,110,28,Guadalajara,2025-10-21,1,Débito,474.43,Artesano,Web,Cancelado
1931,128,28,Guadalajara,2025-10-21,1,Débito,1349.46,Artesano,Facebook,Enviado
1932,75,400,Xicotepec de Juárez,2025-10-22,1,Crédito,333.06,Artesano,Facebook,Entregado
1933,36,594,Pantepec,2025-10-22,2,Débito,1707.02,Artesano,WhatsApp,Entregado
1934,30,557,Monterrey,2025-10-22,2,Crédito,1221.46,Marca IKAL,Facebook,Enviado
1935,19,442,Xicotepec de Juárez,2025-10-23,2,Débito,1876.96,Marca IKAL,Web,Enviado
1936,1,267,Toluca,2025-10-23,1,Débito,331.73,Marca IKAL,Web,Entregado
1937,9,336,CDMX,2025-10-23,2,Crédito,1885.8,Marca IKAL,Facebook,Entregado
1938,15,15,CDMX,2025-10-23,1,Crédito,705.11,Marca IKAL,Instagram,Enviado
1939,4,422,CDMX,2025-10-23,1,Débito,1124.79,Marca IKAL,Instagram,Entregado
1940,68,26,Guadalajara,2025-10-23,1,Débito,335.5,Artesano,Web,Entregado
1941,112,536,Guadalajara,2025-10-23,1,Débito,144.75,Artesano,Facebook,Entregado
1942,17,360,Monterrey,2025-10-23,1,Débito,136.2,Marca IKAL,Web,Entregado
1943,75,35,Querétaro,2025-10-24,1,Débito,333.06,Artesano,Web,Entregado
1944,140,517,Guadalajara,2025-10-24,2,Crédito,2138.92,Artesano,Facebook,Entregado
1945,146,498,Puebla,2025-10-24,2,Débito,598.82,Artesano,Instagram,Entregado
1946,12,253,Guadalajara,2025-10-24,1,Crédito,1049.0,Marca IKAL,Web,Entregado
1947,2,325,Puebla,2025-10-24,1,Crédito,1027.04,Marca IKAL,Web,Entregado
1948,110,114,Guadalajara,2025-10-24,1,Crédito,474.43,Artesano,Instagram,Entregado
1949,40,287,Monterrey,2025-10-24,1,Débito,947.07,Artesano,Instagram,Entregado
1950,93,324,Querétaro,2025-10-24,1,Débito,944.22,Artesano,Instagram,Entregado
1951,87,20,Toluca,2025-10-25,1,Débito,1332.79,Artesano,Facebook,Entregado
1952,114,365,Puebla,2025-10-25,1,Débito,215.05,Artesano,Web,Entregado
1953,47,517,Guadalajara,2025-10-25,1,Crédito,673.74,Artesano,Web,Entregado
1954,2,71,Puebla,2025-10-25,1,Crédito,1027.04,Marca IKAL,Web,Cancelado
1955,93,301,Pantepec,2025-10-26,1,Crédito,944.22,Artesano,Instagram,Entregado
1956,85,293,Monterrey,2025-10-26,1,Débito,648.37,Artesano,Instagram,Entregado
1957,48,404,Toluca,2025-10-26,1,Débito,126.79,Artesano,Facebook,Enviado
1958,9,514,CDMX,2025-10-26,1,Crédito,942.9,Marca IKAL,Facebook,Entregado
1959,24,68,Toluca,2025-10-26,1,Crédito,276.07,Marca IKAL,Instagram,Entregado
1960,12,118,Monterrey,2025-10-26,1,Crédito,1049.0,Marca IKAL,Web,Entregado
1961,17,162,Guadalajara,2025-10-27,1,Crédito,136.2,Marca IKAL,Instagram,Entregado
1962,83,86,Xicotepec de Juárez,2025-10-27,1,Débito,284.51,Artesano,Facebook,Entregado
1963,95,490,CDMX,2025-10-27,1,Débito,865.46,Artesano,Web,Entregado
1964,133,578,Xicotepec de Juárez,2025-10-27,1,Crédito,630.44,Artesano,Instagram,Entregado
1965,56,447,Monterrey,2025-10-28,1,Débito,1256.29,Artesano,Facebook,Enviado
1966,133,34,Puebla,2025-10-28,1,Débito,630.44,Artesano,Instagram,En preparación
1967,48,238,Puebla,2025-10-29,1,Crédito,126.79,Artesano,WhatsApp,Entregado
1968,2,456,Puebla,2025-10-29,1,Débito,1027.04,Marca IKAL,WhatsApp,Entregado
1969,11,108,Querétaro,2025-10-29,2,Débito,1193.1,Marca IKAL,WhatsApp,Entregado
1970,8,542,Toluca,2025-10-29,2,Crédito,1226.3,Marca IKAL,Instagram,Entregado
1971,137,66,Guadalajara,2025-10-29,1,Débito,293.88,Artesano,Web,Entregado
1972,68,421,CDMX,2025-10-30,1,Crédito,335.5,Artesano,Web,Enviado
1973,134,224,Toluca,2025-10-30,1,Débito,256.55,Artesano,Web,Entregado
1974,11,403,Pantepec,2025-10-30,1,Débito,596.55,Marca IKAL,Instagram,Enviado
1975,86,380,Guadalajara,2025-10-30,2,Crédito,1409.76,Artesano,Facebook,Entregado
1976,23,612,Puebla,2025-10-30,1,Débito,1049.71,Marca IKAL,Facebook,Entregado
1977,54,213,Querétaro,2025-10-31,1,Débito,916.64,Artesano,Instagram,Entregado
1978,8,37,CDMX,2025-10-31,1,Débito,613.15,Marca IKAL,WhatsApp,Enviado
1979,99,555,CDMX,2025-10-31,1,Crédito,562.15,Artesano,Instagram,Entregado
1980,104,388,CDMX,2025-10-31,1,Débito,617.8,Artesano,Facebook,En preparación
1981,87,413,Puebla,2025-10-31,1,Crédito,1332.79,Artesano,Web,Cancelado
1982,139,441,Xicotepec de Juárez,2025-01-11,2,Débito,1492.14,Artesano,Instagram,En preparación
1983,28,395,Monterrey,2025-01-11,1,Crédito,460.81,Marca IKAL,Instagram,Entregado
1984,95,38,Monterrey,2025-01-11,2,Débito,1730.92,Artesano,Instagram,Entregado
1985,101,483,Toluca,2025-01-11,1,Débito,292.88,Artesano,Instagram,Entregado
1986,147,120,CDMX,2025-01-11,2,Crédito,546.78,Artesano,WhatsApp,Cancelado
1987,13,25,Monterrey,2025-01-11,1,Crédito,249.47,Marca IKAL,Web,En preparación
1988,23,578,Xicotepec de Juárez,2025-01-11,1,Débito,1049.71,Marca IKAL,Web,Entregado
1989,22,52,Monterrey,2025-02-11,1,Crédito,920.64,Marca IKAL,Facebook,Entregado
1990,87,154,Pantepec,2025-02-11,1,Débito,1332.79,Artesano,Instagram,Entregado
1991,128,173,Querétaro,2025-02-11,1,Débito,1349.46,Artesano,Instagram,En preparación
1992,144,310,Pantepec,2025-02-11,1,Débito,1152.21,Artesano,Web,Entregado
1993,30,35,Querétaro,2025-02-11,1,Débito,610.73,Marca IKAL,Web,Enviado
1994,123,522,Guadalajara,2025-02-11,1,Débito,250.94,Artesano,Web,Enviado
1995,82,383,Puebla,2025-02-11,1,Crédito,170.22,Artesano,Web,Enviado
1996,112,425,CDMX,2025-02-11,1,Débito,144.75,Artesano,Web,Cancelado
1997,13,16,Pantepec,2025-11-02,1,Crédito,249.47,Marca IKAL,Instagram,Entregado
1998,137,540,CDMX,2025-02-11,2,Débito,587.76,Artesano,Web,Entregado
1999,5,351,Querétaro,2025-02-11,1,Débito,294.72,Marca IKAL,Web,Entregado
2000,139,607,Monterrey,2025-02-11,1,Débito,746.07,Artesano,Instagram,Entregado
2001,75,175,CDMX,2025-03-11,1,Crédito,333.06,Artesano,WhatsApp,Entregado
2002,48,337,CDMX,2025-03-11,1,Crédito,126.79,Artesano,Web,Entregado
2003,6,433,Monterrey,2025-03-11,1,Crédito,240.8,Marca IKAL,Web,Entregado
2004,125,151,CDMX,2025-03-11,2,Crédito,768.24,Artesano,Web,En preparación
2005,12,126,Monterrey,2025-03-11,2,Débito,2098.0,Marca IKAL,Instagram,En preparación
2006,83,381,Xicotepec de Juárez,2025-03-11,2,Crédito,569.02,Artesano,WhatsApp,Entregado
2007,128,185,Xicotepec de Juárez,2025-03-11,1,Crédito,1349.46,Artesano,Web,Enviado
2008,1,304,Pantepec,2025-03-11,1,Débito,331.73,Marca IKAL,Instagram,Entregado
2009,8,401,Monterrey,2025-03-11,1,Crédito,613.15,Marca IKAL,Instagram,Entregado
2010,31,558,Monterrey,2025-11-03,2,Crédito,603.68,Artesano,Instagram,Entregado
2011,33,302,Xicotepec de Juárez,2025-03-11,1,Crédito,137.5,Artesano,Instagram,Entregado
2012,52,497,Puebla,2025-03-11,1,Débito,645.53,Artesano,Instagram,Entregado
2013,62,16,Pantepec,2025-03-11,1,Débito,538.39,Artesano,WhatsApp,Entregado
2014,8,336,CDMX,2025-03-11,2,Débito,1226.3,Marca IKAL,Web,Enviado
2015,95,123,Querétaro,2025-03-11,1,Débito,865.46,Artesano,Instagram,Entregado
2016,14,405,Puebla,2025-11-04,1,Crédito,681.09,Marca IKAL,Instagram,Entregado
2017,68,537,Puebla,2025-04-11,1,Débito,335.5,Artesano,Web,Enviado
2018,142,222,CDMX,2025-04-11,1,Crédito,788.62,Artesano,Instagram,Entregado
2019,29,13,Monterrey,2025-04-11,1,Crédito,875.71,Marca IKAL,Web,En preparación
2020,51,1,CDMX,2025-04-11,1,Débito,136.01,Artesano,Web,Entregado
2021,123,267,Toluca,2025-04-11,2,Débito,501.88,Artesano,Web,Entregado
2022,150,50,Xicotepec de Juárez,2025-05-11,1,Crédito,340.35,Artesano,WhatsApp,Entregado
2023,114,469,Puebla,2025-05-11,1,Crédito,215.05,Artesano,WhatsApp,Enviado
2024,47,593,CDMX,2025-05-11,1,Débito,673.74,Artesano,Web,Enviado
2025,33,504,Querétaro,2025-05-11,1,Débito,137.5,Artesano,Facebook,Entregado
2026,48,457,Monterrey,2025-05-11,1,Débito,126.79,Artesano,WhatsApp,Entregado
2027,15,157,CDMX,2025-05-11,1,Débito,705.11,Marca IKAL,Facebook,Entregado
2028,1,412,Xicotepec de Juárez,2025-05-11,1,Débito,331.73,Marca IKAL,WhatsApp,Entregado
2029,3,110,Puebla,2025-06-11,1,Crédito,335.54,Marca IKAL,Instagram,Entregado
2030,82,140,Monterrey,2025-06-11,1,Crédito,170.22,Artesano,Web,Cancelado
2031,85,111,Puebla,2025-06-11,1,Crédito,648.37,Artesano,Instagram,Entregado
2032,22,428,Toluca,2025-06-11,2,Débito,1841.28,Marca IKAL,Web,En preparación
2033,56,510,CDMX,2025-06-11,1,Crédito,1256.29,Artesano,Web,Entregado
2034,13,432,Puebla,2025-06-11,1,Crédito,249.47,Marca IKAL,Instagram,Entregado
2035,101,236,Querétaro,2025-06-11,1,Débito,292.88,Artesano,Web,Enviado
2036,28,216,Puebla,2025-06-11,1,Crédito,460.81,Marca IKAL,Instagram,Entregado
2037,13,38,Monterrey,2025-06-11,1,Crédito,249.47,Marca IKAL,Facebook,Entregado
2038,149,504,Querétaro,2025-06-11,1,Débito,339.62,Artesano,Web,Entregado
2039,125,377,Querétaro,2025-07-11,2,Débito,768.24,Artesano,Web,Entregado
2040,52,227,Guadalajara,2025-07-11,1,Crédito,645.53,Artesano,WhatsApp,Entregado
2041,82,459,Guadalajara,2025-07-11,1,Crédito,170.22,Artesano,WhatsApp,Cancelado
2042,13,364,Toluca,2025-07-11,1,Crédito,249.47,Marca IKAL,Instagram,Entregado
2043,10,99,CDMX,2025-07-11,1,Débito,979.72,Marca IKAL,Instagram,Cancelado
2044,108,592,Toluca,2025-07-11,1,Débito,322.45,Artesano,Facebook,Entregado
2045,12,554,Guadalajara,2025-07-11,1,Débito,1049.0,Marca IKAL,Instagram,En preparación
2046,71,617,Guadalajara,2025-07-11,1,Crédito,322.99,Artesano,Web,Entregado
2047,62,73,Querétaro,2025-07-11,2,Crédito,1076.78,Artesano,Instagram,En preparación
2048,20,451,Puebla,2025-08-11,1,Débito,1250.45,Marca IKAL,Facebook,Entregado
2049,53,273,CDMX,2025-08-11,1,Crédito,925.01,Artesano,Instagram,Entregado
2050,12,364,Toluca,2025-08-11,1,Débito,1049.0,Marca IKAL,Web,Entregado
2051,62,468,Toluca,2025-08-11,1,Débito,538.39,Artesano,Web,Entregado
2052,138,37,CDMX,2025-08-11,1,Débito,406.86,Artesano,Web,Entregado
2053,3,534,Guadalajara,2025-08-11,2,Crédito,671.08,Marca IKAL,Web,Cancelado
2054,120,64,CDMX,2025-08-11,2,Débito,1600.22,Artesano,Facebook,Entregado
2055,6,37,CDMX,2025-09-11,1,Débito,240.8,Marca IKAL,Web,Entregado
2056,12,253,Guadalajara,2025-09-11,1,Débito,1049.0,Marca IKAL,Instagram,Enviado
2057,137,552,CDMX,2025-09-11,1,Débito,293.88,Artesano,Web,Entregado
2058,9,575,Xicotepec de Juárez,2025-09-11,1,Débito,942.9,Marca IKAL,Facebook,Entregado
2059,123,429,Pantepec,2025-09-11,1,Crédito,250.94,Artesano,Web,Entregado
2060,142,313,Monterrey,2025-09-11,1,Crédito,788.62,Artesano,Web,Enviado
2061,97,556,CDMX,2025-09-11,2,Débito,1663.52,Artesano,Web,Entregado
2062,52,392,Toluca,2025-10-11,1,Débito,645.53,Artesano,Web,Entregado
2063,33,238,Puebla,2025-10-11,1,Débito,137.5,Artesano,Instagram,Entregado
2064,139,102,Querétaro,2025-10-11,1,Crédito,746.07,Artesano,Facebook,Entregado
2065,114,556,CDMX,2025-10-11,1,Débito,215.05,Artesano,WhatsApp,Entregado
2066,24,277,Guadalajara,2025-10-11,1,Débito,276.07,Marca IKAL,Web,Entregado
2067,138,415,CDMX,2025-10-11,1,Crédito,406.86,Artesano,Web,Cancelado
2068,138,226,Guadalajara,2025-10-11,1,Débito,406.86,Artesano,Instagram,Entregado
2069,68,592,Toluca,2025-10-11,1,Crédito,335.5,Artesano,Web,Entregado
2070,2,432,Puebla,2025-10-11,1,Crédito,1027.04,Marca IKAL,Web,Enviado
2071,145,615,CDMX,2025-10-11,1,Crédito,312.51,Artesano,Web,Entregado
2072,12,343,CDMX,2025-10-11,1,Crédito,1049.0,Marca IKAL,Web,Entregado
2073,31,510,CDMX,2025-10-11,2,Débito,603.68,Artesano,WhatsApp,En preparación
2074,129,490,CDMX,2025-10-11,2,Débito,1685.92,Artesano,Facebook,Entregado
2075,108,132,Puebla,2025-11-11,1,Débito,322.45,Artesano,Instagram,En preparación
2076,146,2,Toluca,2025-11-11,1,Débito,299.41,Artesano,Web,Entregado
2077,75,353,Monterrey,2025-11-11,1,Débito,333.06,Artesano,Web,Entregado
2078,19,432,Puebla,2025-11-11,2,Débito,1876.96,Marca IKAL,Web,Entregado
2079,82,54,Xicotepec de Juárez,2025-11-11,2,Débito,340.44,Artesano,Facebook,Entregado
2080,60,210,CDMX,2025-11-11,1,Crédito,1057.06,Artesano,Web,Entregado
2081,16,275,Puebla,2025-11-11,1,Crédito,885.45,Marca IKAL,Web,Entregado
2082,41,554,Guadalajara,2025-11-11,1,Crédito,309.61,Artesano,Instagram,Cancelado
2083,27,71,Puebla,2025-11-11,1,Crédito,407.42,Marca IKAL,Web,Entregado
2084,51,469,Puebla,2025-11-11,1,Crédito,136.01,Artesano,Facebook,Entregado
2085,29,521,Guadalajara,2025-11-11,1,Débito,875.71,Marca IKAL,Instagram,Entregado
2086,104,589,Puebla,2025-11-11,1,Crédito,617.8,Artesano,Web,Entregado
2087,95,95,Querétaro,2025-11-11,1,Débito,865.46,Artesano,Facebook,Entregado
2088,140,114,Guadalajara,2025-11-11,1,Crédito,1069.46,Artesano,Instagram,Cancelado
2089,120,515,Xicotepec de Juárez,2025-12-11,2,Débito,1600.22,Artesano,Web,Entregado
2090,47,287,Monterrey,2025-12-11,1,Crédito,673.74,Artesano,Web,Entregado
2091,88,563,Puebla,2025-12-11,1,Débito,866.06,Artesano,Web,Entregado
2092,86,241,CDMX,2025-12-11,1,Débito,704.88,Artesano,Web,Entregado
2093,45,208,CDMX,2025-12-11,1,Crédito,276.8,Artesano,Facebook,Entregado
2094,79,372,Xicotepec de Juárez,2025-12-11,2,Crédito,881.76,Artesano,Web,Enviado
2095,89,411,Puebla,2025-12-11,1,Débito,1293.32,Artesano,Web,Enviado
2096,145,300,Puebla,2025-12-11,1,Crédito,312.51,Artesano,Web,Entregado
2097,89,535,Guadalajara,2025-12-11,2,Crédito,2586.64,Artesano,Web,Entregado
2098,53,172,Toluca,2025-12-11,1,Crédito,925.01,Artesano,Web,Entregado
2099,128,232,CDMX,2025-11-13,1,Crédito,1349.46,Artesano,Facebook,Entregado
2100,60,626,Puebla,2025-11-13,1,Crédito,1057.06,Artesano,Web,Entregado
2101,6,168,Monterrey,2025-11-13,1,Crédito,240.8,Marca IKAL,Instagram,En preparación
2102,48,573,CDMX,2025-11-13,2,Crédito,253.58,Artesano,Web,Entregado
2103,134,445,Xicotepec de Juárez,2025-11-13,1,Crédito,256.55,Artesano,Web,Entregado
2104,88,197,Guadalajara,2025-11-13,1,Crédito,866.06,Artesano,Web,Entregado
2105,53,437,Toluca,2025-11-14,1,Crédito,925.01,Artesano,Web,Entregado
2106,95,480,Toluca,2025-11-14,1,Débito,865.46,Artesano,Instagram,Entregado
2107,51,155,Guadalajara,2025-11-14,1,Débito,136.01,Artesano,Instagram,Entregado
2108,3,610,Puebla,2025-11-14,1,Crédito,335.54,Marca IKAL,Instagram,Cancelado
2109,144,230,CDMX,2025-11-14,1,Crédito,1152.21,Artesano,WhatsApp,Enviado
2110,5,280,Querétaro,2025-11-14,2,Crédito,589.44,Marca IKAL,Web,En preparación
2111,97,192,Xicotepec de Juárez,2025-11-14,1,Crédito,831.76,Artesano,Web,Entregado
2112,4,368,Xicotepec de Juárez,2025-11-14,1,Crédito,1124.79,Marca IKAL,Instagram,Enviado
2113,17,180,CDMX,2025-11-14,1,Débito,136.2,Marca IKAL,Web,Entregado
2114,40,305,Puebla,2025-11-15,1,Crédito,947.07,Artesano,Web,Entregado
2115,8,223,Puebla,2025-11-15,1,Débito,613.15,Marca IKAL,Facebook,Entregado
2116,30,625,Puebla,2025-11-15,2,Crédito,1221.46,Marca IKAL,Web,Entregado
2117,85,393,CDMX,2025-11-15,1,Débito,648.37,Artesano,Web,Entregado
2118,28,24,CDMX,2025-11-15,1,Débito,460.81,Marca IKAL,WhatsApp,Entregado
2119,31,339,Monterrey,2025-11-15,1,Débito,301.84,Artesano,Web,Entregado
2120,21,435,Querétaro,2025-11-15,1,Débito,796.09,Marca IKAL,WhatsApp,Entregado
2121,97,305,Puebla,2025-11-15,1,Crédito,831.76,Artesano,Instagram,Entregado
2122,40,424,Puebla,2025-11-16,1,Crédito,947.07,Artesano,Web,Entregado
2123,51,628,Puebla,2025-11-16,1,Crédito,136.01,Artesano,Web,Entregado
2124,21,524,Guadalajara,2025-11-16,2,Débito,1592.18,Marca IKAL,Web,Entregado
2125,52,370,Xicotepec de Juárez,2025-11-16,1,Crédito,645.53,Artesano,Facebook,Entregado
2126,42,593,CDMX,2025-11-16,1,Débito,855.52,Artesano,Instagram,Entregado
2127,11,489,Guadalajara,2025-11-16,1,Débito,596.55,Marca IKAL,Web,Enviado
2128,41,96,Monterrey,2025-11-16,1,Débito,309.61,Artesano,Instagram,Entregado
2129,31,460,Monterrey,2025-11-16,1,Crédito,301.84,Artesano,Facebook,Entregado
2130,144,158,CDMX,2025-11-16,1,Débito,1152.21,Artesano,Web,En preparación
2131,114,323,Puebla,2025-11-16,1,Crédito,215.05,Artesano,Facebook,Entregado
2132,134,125,Toluca,2025-11-16,1,Crédito,256.55,Artesano,Web,Entregado
2133,97,562,Monterrey,2025-11-16,1,Débito,831.76,Artesano,Facebook,Entregado
2134,51,268,Monterrey,2025-11-16,1,Débito,136.01,Artesano,Web,Enviado
2135,85,178,Guadalajara,2025-11-17,1,Débito,648.37,Artesano,Facebook,Entregado
2136,125,562,Monterrey,2025-11-17,1,Débito,384.12,Artesano,Instagram,Entregado
2137,110,539,Guadalajara,2025-11-17,1,Débito,474.43,Artesano,Web,Entregado
2138,120,309,Guadalajara,2025-11-17,1,Débito,800.11,Artesano,Web,Enviado
2139,146,156,Monterrey,2025-11-17,1,Débito,299.41,Artesano,Facebook,Entregado
2140,24,251,Monterrey,2025-11-18,1,Débito,276.07,Marca IKAL,Web,Enviado
2141,140,635,Guadalajara,2025-11-18,2,Crédito,2138.92,Artesano,Instagram,Entregado
2142,102,129,Monterrey,2025-11-18,1,Débito,813.91,Artesano,Instagram,Entregado
2143,104,647,Puebla,2025-11-18,1,Débito,617.8,Artesano,Web,Entregado
2144,56,83,Xicotepec de Juárez,2025-11-18,1,Débito,1256.29,Artesano,Instagram,Cancelado
2145,19,394,CDMX,2025-11-18,1,Crédito,938.48,Marca IKAL,Facebook,En preparación
2146,99,165,Querétaro,2025-11-18,2,Crédito,1124.3,Artesano,Web,Entregado
2147,93,426,Guadalajara,2025-11-18,1,Crédito,944.22,Artesano,Instagram,Entregado
2148,142,127,Guadalajara,2025-11-18,2,Crédito,1577.24,Artesano,Instagram,Entregado
2149,95,294,CDMX,2025-11-18,1,Crédito,865.46,Artesano,Web,En preparación
2150,114,161,Puebla,2025-11-18,1,Crédito,215.05,Artesano,WhatsApp,Entregado
2151,63,478,Toluca,2025-11-18,1,Débito,491.36,Artesano,Instagram,En preparación
2152,62,203,Toluca,2025-11-18,1,Débito,538.39,Artesano,Web,Entregado
2153,30,377,Querétaro,2025-11-18,1,Crédito,610.73,Marca IKAL,Facebook,Entregado
2154,78,389,Guadalajara,2025-11-18,1,Débito,1027.23,Artesano,Web,Entregado
2155,56,352,Querétaro,2025-11-19,1,Crédito,1256.29,Artesano,Web,Entregado
2156,33,349,Guadalajara,2025-11-19,1,Débito,137.5,Artesano,Web,Enviado
2157,138,499,Querétaro,2025-11-19,1,Débito,406.86,Artesano,Web,Entregado
2158,24,436,Puebla,2025-11-19,1,Débito,276.07,Marca IKAL,Instagram,Cancelado
2159,36,212,Xicotepec de Juárez,2025-11-19,1,Crédito,853.51,Artesano,Instagram,Entregado
2160,114,318,CDMX,2025-11-20,1,Crédito,215.05,Artesano,Web,Entregado
2161,62,238,Puebla,2025-11-20,1,Crédito,538.39,Artesano,Web,Enviado
2162,123,412,Xicotepec de Juárez,2025-11-20,1,Débito,250.94,Artesano,Instagram,Entregado
2163,8,171,CDMX,2025-11-20,1,Débito,613.15,Marca IKAL,Web,Enviado
2164,140,483,Toluca,2025-11-20,1,Débito,1069.46,Artesano,Web,Entregado
2165,87,96,Monterrey,2025-11-20,2,Crédito,2665.58,Artesano,Facebook,Entregado
2166,48,122,Puebla,2025-11-20,1,Crédito,126.79,Artesano,Instagram,Entregado
2167,48,582,CDMX,2025-11-20,1,Crédito,126.79,Artesano,Facebook,Entregado
2168,19,31,Guadalajara,2025-11-20,1,Débito,938.48,Marca IKAL,Instagram,Cancelado
2169,40,510,CDMX,2025-11-20,1,Crédito,947.07,Artesano,Web,Enviado
2170,3,600,Monterrey,2025-11-20,1,Crédito,335.54,Marca IKAL,Instagram,Entregado
2171,114,271,Monterrey,2025-11-20,1,Débito,215.05,Artesano,Web,En preparación
2172,47,237,CDMX,2025-11-21,2,Débito,1347.48,Artesano,WhatsApp,Entregado
2173,8,420,CDMX,2025-11-21,1,Crédito,613.15,Marca IKAL,Instagram,En preparación
2174,140,522,Guadalajara,2025-11-21,1,Débito,1069.46,Artesano,Web,Entregado
2175,30,567,Querétaro,2025-11-21,1,Crédito,610.73,Marca IKAL,Facebook,Entregado
2176,19,629,Querétaro,2025-11-22,1,Crédito,938.48,Marca IKAL,Instagram,Entregado
2177,9,580,CDMX,2025-11-22,1,Débito,942.9,Marca IKAL,Web,Cancelado
2178,144,69,Monterrey,2025-11-22,1,Crédito,1152.21,Artesano,Web,Entregado
2179,4,289,CDMX,2025-11-22,1,Débito,1124.79,Marca IKAL,Web,Entregado
2180,23,166,Monterrey,2025-11-22,1,Crédito,1049.71,Marca IKAL,Web,Entregado
2181,45,124,Toluca,2025-11-22,2,Débito,553.6,Artesano,Web,Entregado
2182,79,163,Monterrey,2025-11-22,1,Débito,440.88,Artesano,Facebook,Entregado
2183,137,167,Toluca,2025-11-22,1,Crédito,293.88,Artesano,Web,Entregado
2184,114,179,Xicotepec de Juárez,2025-11-22,1,Débito,215.05,Artesano,Web,Entregado
2185,14,162,Guadalajara,2025-11-22,1,Débito,681.09,Marca IKAL,Web,Entregado
2186,83,409,Xicotepec de Juárez,2025-11-22,1,Débito,284.51,Artesano,Web,Cancelado
2187,4,480,Toluca,2025-11-22,1,Crédito,1124.79,Marca IKAL,Web,Entregado
2188,138,368,Xicotepec de Juárez,2025-11-22,1,Crédito,406.86,Artesano,Facebook,Enviado
2189,11,262,Guadalajara,2025-11-22,2,Débito,1193.1,Marca IKAL,Instagram,Entregado
2190,56,121,Pantepec,2025-11-22,1,Débito,1256.29,Artesano,WhatsApp,Entregado
2191,149,112,Querétaro,2025-11-22,2,Crédito,679.24,Artesano,Instagram,Entregado
2192,54,425,CDMX,2025-11-23,1,Crédito,916.64,Artesano,Web,Entregado
2193,53,169,Puebla,2025-11-23,1,Débito,925.01,Artesano,Web,Entregado
2194,73,534,Guadalajara,2025-11-23,1,Débito,882.3,Artesano,Facebook,Entregado
2195,48,274,Guadalajara,2025-11-23,1,Crédito,126.79,Artesano,Facebook,Enviado
2196,11,540,CDMX,2025-11-23,1,Crédito,596.55,Marca IKAL,Web,Entregado
2197,56,651,Querétaro,2025-11-23,1,Débito,1256.29,Artesano,Instagram,Entregado
2198,137,177,Guadalajara,2025-11-23,2,Crédito,587.76,Artesano,WhatsApp,Entregado
2199,11,638,CDMX,2025-11-23,1,Débito,596.55,Marca IKAL,Instagram,Entregado
2200,19,64,CDMX,2025-11-23,1,Débito,938.48,Marca IKAL,WhatsApp,Entregado
2201,114,124,Toluca,2025-11-23,1,Crédito,215.05,Artesano,Facebook,Entregado
2202,54,615,CDMX,2025-11-23,1,Crédito,916.64,Artesano,Facebook,Entregado
2203,15,616,Xicotepec de Juárez,2025-11-23,1,Crédito,705.11,Marca IKAL,Web,En preparación
2204,139,104,Puebla,2025-11-23,1,Débito,746.07,Artesano,Web,Entregado
2205,14,86,Xicotepec de Juárez,2025-11-23,1,Crédito,681.09,Marca IKAL,Instagram,En preparación
2206,51,137,CDMX,2025-11-23,1,Débito,136.01,Artesano,Instagram,Entregado
2207,150,337,CDMX,2025-11-23,1,Crédito,340.35,Artesano,Web,Entregado
2208,86,273,CDMX,2025-11-24,1,Débito,704.88,Artesano,Instagram,Entregado
2209,54,239,Xicotepec de Juárez,2025-11-24,1,Débito,916.64,Artesano,Web,Entregado
2210,149,441,Xicotepec de Juárez,2025-11-24,1,Crédito,339.62,Artesano,Web,Entregado
2211,125,396,CDMX,2025-11-24,1,Crédito,384.12,Artesano,Facebook,Entregado
2212,3,191,Xicotepec de Juárez,2025-11-24,1,Crédito,335.54,Marca IKAL,Instagram,Entregado
2213,8,77,Xicotepec de Juárez,2025-11-24,1,Débito,613.15,Marca IKAL,Instagram,En preparación
2214,97,388,CDMX,2025-11-24,2,Débito,1663.52,Artesano,Facebook,Entregado
2215,60,89,Xicotepec de Juárez,2025-11-24,1,Crédito,1057.06,Artesano,Web,Cancelado
2216,98,360,Monterrey,2025-11-24,1,Crédito,151.34,Artesano,Instagram,Entregado
2217,27,76,CDMX,2025-11-24,1,Crédito,407.42,Marca IKAL,Facebook,Entregado
2218,123,625,Puebla,2025-11-24,1,Débito,250.94,Artesano,Instagram,Entregado
2219,146,620,Monterrey,2025-11-25,1,Débito,299.41,Artesano,WhatsApp,En preparación
2220,60,7,Monterrey,2025-11-25,1,Crédito,1057.06,Artesano,Facebook,Entregado
2221,137,392,Toluca,2025-11-25,1,Crédito,293.88,Artesano,Instagram,Enviado
2222,62,547,Puebla,2025-11-25,1,Crédito,538.39,Artesano,Web,Entregado
2223,29,414,Xicotepec de Juárez,2025-11-25,1,Crédito,875.71,Marca IKAL,Web,Entregado
2224,8,622,Pantepec,2025-11-25,1,Crédito,613.15,Marca IKAL,Web,Entregado
2225,29,402,Monterrey,2025-11-25,1,Débito,875.71,Marca IKAL,Web,Entregado
2226,150,396,CDMX,2025-11-25,2,Débito,680.7,Artesano,Web,Entregado
2227,1,396,CDMX,2025-11-25,1,Crédito,331.73,Marca IKAL,Web,Entregado
2228,114,125,Toluca,2025-11-25,1,Crédito,215.05,Artesano,Facebook,Entregado
2229,85,192,Xicotepec de Juárez,2025-11-25,1,Débito,648.37,Artesano,Web,Entregado
2230,19,596,Monterrey,2025-11-25,1,Crédito,938.48,Marca IKAL,Web,Entregado
2231,47,433,Monterrey,2025-11-26,1,Débito,673.74,Artesano,Instagram,Entregado
2232,108,507,Querétaro,2025-11-26,1,Crédito,322.45,Artesano,WhatsApp,Entregado
2233,4,86,Xicotepec de Juárez,2025-11-26,2,Débito,2249.58,Marca IKAL,Facebook,Entregado
2234,16,531,Monterrey,2025-11-26,2,Débito,1770.9,Marca IKAL,Instagram,Entregado
2235,71,463,Monterrey,2025-11-26,1,Crédito,322.99,Artesano,WhatsApp,Entregado
2236,71,117,CDMX,2025-11-26,1,Débito,322.99,Artesano,WhatsApp,Entregado
2237,27,163,Monterrey,2025-11-26,1,Crédito,407.42,Marca IKAL,Web,En preparación
2238,114,48,CDMX,2025-11-26,1,Débito,215.05,Artesano,Web,Entregado
2239,86,632,Xicotepec de Juárez,2025-11-27,1,Débito,704.88,Artesano,Instagram,En preparación
2240,88,144,CDMX,2025-11-27,1,Débito,866.06,Artesano,Web,Entregado
2241,110,122,Puebla,2025-11-27,1,Débito,474.43,Artesano,WhatsApp,Entregado
2242,31,223,Puebla,2025-11-27,1,Débito,301.84,Artesano,Web,En preparación
2243,52,188,CDMX,2025-11-27,1,Crédito,645.53,Artesano,WhatsApp,Entregado
2244,63,620,Monterrey,2025-11-27,1,Débito,491.36,Artesano,Web,En preparación
2245,110,251,Monterrey,2025-11-27,1,Crédito,474.43,Artesano,Web,En preparación
2246,99,381,Xicotepec de Juárez,2025-11-27,1,Débito,562.15,Artesano,Web,Entregado
2247,78,1,CDMX,2025-11-27,2,Débito,2054.46,Artesano,Facebook,Entregado
2248,83,592,Toluca,2025-11-27,1,Débito,284.51,Artesano,Instagram,Entregado
2249,15,155,Guadalajara,2025-11-27,1,Crédito,705.11,Marca IKAL,Web,Entregado
2250,124,134,Querétaro,2025-11-27,1,Crédito,849.93,Artesano,Instagram,Entregado
2251,8,201,Monterrey,2025-11-27,2,Crédito,1226.3,Marca IKAL,Instagram,Entregado
2252,21,564,CDMX,2025-11-27,1,Débito,796.09,Marca IKAL,Web,Entregado
2253,30,545,CDMX,2025-11-28,1,Crédito,610.73,Marca IKAL,Web,Entregado
2254,108,38,Monterrey,2025-11-28,1,Crédito,322.45,Artesano,Web,Enviado
2255,12,49,Guadalajara,2025-11-28,2,Crédito,2098.0,Marca IKAL,Facebook,Entregado
2256,41,346,Guadalajara,2025-11-28,1,Débito,309.61,Artesano,Web,Entregado
2257,4,492,CDMX,2025-11-28,1,Débito,1124.79,Marca IKAL,Web,Entregado
2258,146,511,CDMX,2025-11-28,1,Crédito,299.41,Artesano,Web,Entregado
2259,137,503,Xicotepec de Juárez,2025-11-29,1,Débito,293.88,Artesano,Facebook,Entregado
2260,27,422,CDMX,2025-11-29,1,Débito,407.42,Marca IKAL,Instagram,Cancelado
2261,93,68,Toluca,2025-11-29,1,Débito,944.22,Artesano,Instagram,Entregado
2262,40,131,Puebla,2025-11-29,1,Débito,947.07,Artesano,WhatsApp,En preparación
2263,47,182,Monterrey,2025-11-29,1,Débito,673.74,Artesano,WhatsApp,Entregado
2264,7,188,CDMX,2025-11-29,1,Débito,732.86,Marca IKAL,Facebook,Cancelado
2265,20,258,Xicotepec de Juárez,2025-11-29,1,Crédito,1250.45,Marca IKAL,Instagram,Entregado
2266,2,633,Toluca,2025-11-29,1,Crédito,1027.04,Marca IKAL,WhatsApp,Entregado
2267,8,172,Toluca,2025-11-29,1,Débito,613.15,Marca IKAL,Instagram,Cancelado
2268,95,175,CDMX,2025-11-30,1,Crédito,865.46,Artesano,Facebook,Entregado
2269,51,548,Toluca,2025-11-30,2,Débito,272.02,Artesano,Web,Enviado
2270,114,566,Monterrey,2025-11-30,1,Débito,215.05,Artesano,Web,Entregado
2271,137,70,Puebla,2025-11-30,1,Crédito,293.88,Artesano,Facebook,Enviado
2272,104,257,CDMX,2025-11-30,1,Débito,617.8,Artesano,Instagram,Cancelado
2273,123,57,Monterrey,2025-11-30,2,Débito,501.88,Artesano,Web,Entregado
2274,134,393,CDMX,2025-11-30,1,Débito,256.55,Artesano,Instagram,Cancelado
2275,147,553,Xicotepec de Juárez,2025-01-12,1,Crédito,273.39,Artesano,Web,En preparación
2276,120,554,Guadalajara,2025-01-12,1,Débito,800.11,Artesano,Instagram,Entregado
2277,104,304,Pantepec,2025-01-12,1,Débito,617.8,Artesano,Instagram,Cancelado
2278,30,592,Toluca,2025-01-12,2,Débito,1221.46,Marca IKAL,Instagram,En preparación
2279,85,400,Xicotepec de Juárez,2025-01-12,1,Crédito,648.37,Artesano,Facebook,Entregado
2280,93,454,Guadalajara,2025-01-12,1,Débito,944.22,Artesano,Web,En preparación
2281,20,186,Querétaro,2025-01-12,2,Crédito,2500.9,Marca IKAL,Instagram,Entregado
2282,129,265,Querétaro,2025-01-12,1,Crédito,842.96,Artesano,Instagram,Enviado
2283,41,250,Guadalajara,2025-01-12,1,Crédito,309.61,Artesano,Facebook,Entregado
2284,99,19,Xicotepec de Juárez,2025-01-12,1,Crédito,562.15,Artesano,Web,Entregado
2285,146,108,Querétaro,2025-01-12,1,Crédito,299.41,Artesano,Instagram,Entregado
2286,120,147,Querétaro,2025-01-12,2,Débito,1600.22,Artesano,Instagram,Entregado
2287,54,309,Guadalajara,2025-01-12,1,Débito,916.64,Artesano,Web,Entregado
2288,150,30,Querétaro,2025-01-12,1,Débito,340.35,Artesano,Web,Entregado
2289,73,377,Querétaro,2025-01-12,1,Crédito,882.3,Artesano,Web,Enviado
2290,56,660,Puebla,2025-02-12,1,Débito,1256.29,Artesano,Web,En preparación
2291,125,146,Xicotepec de Juárez,2025-02-12,1,Crédito,384.12,Artesano,Facebook,Entregado
2292,24,504,Querétaro,2025-02-12,1,Débito,276.07,Marca IKAL,Web,Entregado
2293,104,242,Xicotepec de Juárez,2025-02-12,1,Débito,617.8,Artesano,Web,Entregado
2294,19,514,CDMX,2025-02-12,1,Débito,938.48,Marca IKAL,Facebook,Entregado
2295,75,425,CDMX,2025-02-12,1,Débito,333.06,Artesano,Instagram,Entregado
2296,112,142,Toluca,2025-02-12,1,Débito,144.75,Artesano,Web,Entregado
2297,41,66,Guadalajara,2025-02-12,1,Crédito,309.61,Artesano,Web,Entregado
2298,29,221,Toluca,2025-02-12,1,Crédito,875.71,Marca IKAL,Facebook,En preparación
2299,125,124,Toluca,2025-02-12,1,Débito,384.12,Artesano,Web,Entregado
2300,24,152,Xicotepec de Juárez,2025-02-12,2,Débito,552.14,Marca IKAL,Instagram,Cancelado
2301,5,84,Querétaro,2025-02-12,1,Crédito,294.72,Marca IKAL,Web,Entregado
2302,10,327,Puebla,2025-02-12,1,Débito,979.72,Marca IKAL,Web,Enviado
2303,73,611,CDMX,2025-02-12,1,Débito,882.3,Artesano,Web,Entregado
2304,27,610,Puebla,2025-03-12,1,Débito,407.42,Marca IKAL,Web,Enviado
2305,110,479,CDMX,2025-03-12,1,Crédito,474.43,Artesano,Web,Entregado
2306,28,135,Querétaro,2025-03-12,1,Crédito,460.81,Marca IKAL,Web,Entregado
2307,125,217,Xicotepec de Juárez,2025-03-12,1,Débito,384.12,Artesano,Web,Entregado
2308,89,298,Guadalajara,2025-03-12,1,Crédito,1293.32,Artesano,Instagram,Entregado
2309,88,271,Monterrey,2025-03-12,1,Crédito,866.06,Artesano,Web,En preparación
2310,104,340,Guadalajara,2025-03-12,1,Crédito,617.8,Artesano,Facebook,Entregado
2311,142,143,Toluca,2025-03-12,1,Débito,788.62,Artesano,Instagram,Entregado
2312,30,426,Guadalajara,2025-03-12,2,Crédito,1221.46,Marca IKAL,Web,En preparación
2313,71,210,CDMX,2025-04-12,1,Crédito,322.99,Artesano,Web,Entregado
2314,30,567,Querétaro,2025-04-12,1,Débito,610.73,Marca IKAL,Web,Entregado
2315,71,96,Monterrey,2025-04-12,1,Débito,322.99,Artesano,Instagram,Cancelado
2316,71,551,Pantepec,2025-04-12,1,Débito,322.99,Artesano,Web,Enviado
2317,86,580,CDMX,2025-04-12,1,Crédito,704.88,Artesano,Facebook,Entregado
2318,28,366,Puebla,2025-04-12,1,Crédito,460.81,Marca IKAL,Web,Entregado
2319,142,256,Puebla,2025-04-12,1,Débito,788.62,Artesano,WhatsApp,Entregado
2320,64,6,Puebla,2025-04-12,1,Débito,469.02,Artesano,WhatsApp,Entregado
2321,53,168,Monterrey,2025-05-12,1,Débito,925.01,Artesano,Facebook,Entregado
2322,146,467,Querétaro,2025-05-12,1,Crédito,299.41,Artesano,Instagram,Entregado
2323,53,425,CDMX,2025-05-12,1,Débito,925.01,Artesano,Web,Entregado
2324,56,213,Querétaro,2025-12-05,1,Débito,1256.29,Artesano,Web,Enviado
2325,144,370,Xicotepec de Juárez,2025-05-12,1,Crédito,1152.21,Artesano,Web,Entregado
2326,51,457,Monterrey,2025-12-05,1,Crédito,136.01,Artesano,Web,Enviado
2327,12,470,Xicotepec de Juárez,2025-05-12,1,Crédito,1049.0,Marca IKAL,Facebook,Entregado
2328,1,170,CDMX,2025-05-12,1,Crédito,331.73,Marca IKAL,Instagram,Entregado
2329,18,138,Querétaro,2025-12-05,1,Crédito,150.45,Marca IKAL,Facebook,Entregado
2330,142,102,Querétaro,2025-05-12,1,Débito,788.62,Artesano,Web,Cancelado
2331,89,585,Guadalajara,2025-05-12,1,Crédito,1293.32,Artesano,Web,Entregado
2332,41,149,CDMX,2025-05-12,2,Crédito,619.22,Artesano,Web,Entregado
2333,47,436,Puebla,2025-05-12,1,Crédito,673.74,Artesano,WhatsApp,Entregado
2334,73,415,CDMX,2025-05-12,1,Débito,882.3,Artesano,WhatsApp,Enviado
2335,70,581,CDMX,2025-12-06,1,Crédito,726.27,Artesano,Instagram,Entregado
2336,87,111,Puebla,2025-06-12,1,Débito,1332.79,Artesano,Web,Entregado
2337,128,537,Puebla,2025-06-12,1,Débito,1349.46,Artesano,Web,Entregado
2338,83,111,Puebla,2025-12-06,1,Crédito,284.51,Artesano,Web,Entregado
2339,81,135,Querétaro,2025-06-12,1,Débito,238.25,Artesano,Web,Entregado
2340,14,517,Guadalajara,2025-06-12,1,Débito,681.09,Marca IKAL,Web,Cancelado
2341,1,492,CDMX,2025-06-12,1,Débito,331.73,Marca IKAL,Web,Entregado
2342,124,603,Guadalajara,2025-06-12,1,Débito,849.93,Artesano,Instagram,Entregado
2343,64,156,Monterrey,2025-06-12,1,Débito,469.02,Artesano,Web,Entregado
2344,137,529,Pantepec,2025-06-12,1,Crédito,293.88,Artesano,Web,Entregado
2345,62,39,CDMX,2025-06-12,1,Débito,538.39,Artesano,Web,Entregado
2346,76,2,Toluca,2025-06-12,1,Débito,208.38,Artesano,Web,Entregado
2347,102,77,Xicotepec de Juárez,2025-06-12,2,Débito,1627.82,Artesano,Facebook,Entregado
2348,12,240,Toluca,2025-06-12,1,Crédito,1049.0,Marca IKAL,Web,Enviado
2349,125,69,Monterrey,2025-07-12,1,Débito,384.12,Artesano,Web,Cancelado
2350,98,56,Querétaro,2025-07-12,1,Débito,151.34,Artesano,Web,Entregado
2351,110,277,Guadalajara,2025-07-12,1,Crédito,474.43,Artesano,WhatsApp,Cancelado
2352,108,194,Puebla,2025-07-12,1,Débito,322.45,Artesano,Web,Cancelado
2353,114,489,Guadalajara,2025-07-12,1,Débito,215.05,Artesano,Facebook,Enviado
2354,6,620,Monterrey,2025-07-12,1,Crédito,240.8,Marca IKAL,Facebook,Entregado
2355,95,66,Guadalajara,2025-07-12,2,Débito,1730.92,Artesano,Facebook,Entregado
2356,104,176,Guadalajara,2025-08-12,1,Débito,617.8,Artesano,Facebook,Entregado
2357,150,394,CDMX,2025-08-12,1,Débito,340.35,Artesano,Web,En preparación
2358,14,319,Querétaro,2025-08-12,2,Crédito,1362.18,Marca IKAL,Instagram,Entregado
2359,8,302,Xicotepec de Juárez,2025-08-12,1,Débito,613.15,Marca IKAL,Facebook,Entregado
2360,22,249,CDMX,2025-08-12,1,Débito,920.64,Marca IKAL,Web,Entregado
2361,16,139,Monterrey,2025-08-12,1,Débito,885.45,Marca IKAL,WhatsApp,Entregado
2362,15,548,Toluca,2025-08-12,1,Débito,705.11,Marca IKAL,Instagram,Entregado
2363,7,614,Querétaro,2025-08-12,1,Crédito,732.86,Marca IKAL,Instagram,Entregado
2364,28,358,Xicotepec de Juárez,2025-08-12,1,Débito,460.81,Marca IKAL,Web,Entregado
2365,149,553,Xicotepec de Juárez,2025-08-12,1,Débito,339.62,Artesano,Web,Entregado
2366,4,107,Querétaro,2025-09-12,1,Débito,1124.79,Marca IKAL,Instagram,Entregado
2367,33,167,Toluca,2025-09-12,1,Débito,137.5,Artesano,Web,Entregado
2368,144,170,CDMX,2025-09-12,1,Crédito,1152.21,Artesano,Instagram,Entregado
2369,64,392,Toluca,2025-09-12,1,Crédito,469.02,Artesano,Web,En preparación
2370,142,522,Guadalajara,2025-09-12,1,Débito,788.62,Artesano,Instagram,Cancelado
2371,93,560,Puebla,2025-09-12,1,Débito,944.22,Artesano,Instagram,Entregado
2372,112,79,Monterrey,2025-09-12,1,Débito,144.75,Artesano,Web,Entregado
2373,48,142,Toluca,2025-09-12,1,Crédito,126.79,Artesano,Instagram,Entregado
2374,89,646,Querétaro,2025-09-12,1,Débito,1293.32,Artesano,Facebook,Entregado
2375,86,42,CDMX,2025-12-09,2,Débito,1409.76,Artesano,Facebook,Entregado
2376,29,537,Puebla,2025-09-12,1,Débito,875.71,Marca IKAL,Instagram,Entregado
2377,21,306,Xicotepec de Juárez,2025-09-12,2,Débito,1592.18,Marca IKAL,Web,Entregado
2378,41,242,Xicotepec de Juárez,2025-09-12,1,Crédito,309.61,Artesano,Web,Entregado
2379,101,555,CDMX,2025-10-12,1,Débito,292.88,Artesano,Web,Entregado
2380,110,294,CDMX,2025-10-12,1,Débito,474.43,Artesano,Facebook,Entregado
2381,141,453,Querétaro,2025-10-12,1,Crédito,228.97,Artesano,Instagram,Entregado
2382,23,14,CDMX,2025-12-10,1,Crédito,1049.71,Marca IKAL,Facebook,Entregado
2383,70,491,Monterrey,2025-10-12,2,Crédito,1452.54,Artesano,Facebook,Entregado
2384,104,474,CDMX,2025-10-12,1,Débito,617.8,Artesano,WhatsApp,Entregado
2385,11,604,CDMX,2025-10-12,1,Crédito,596.55,Marca IKAL,Facebook,Entregado
2386,97,197,Guadalajara,2025-10-12,1,Débito,831.76,Artesano,Facebook,Enviado
2387,1,183,Toluca,2025-10-12,1,Débito,331.73,Marca IKAL,Instagram,Entregado
2388,20,4,Toluca,2025-10-12,2,Crédito,2500.9,Marca IKAL,Web,Entregado
2389,60,625,Puebla,2025-10-12,1,Crédito,1057.06,Artesano,Facebook,Enviado
2390,23,400,Xicotepec de Juárez,2025-10-12,1,Débito,1049.71,Marca IKAL,Web,Enviado
2391,139,578,Xicotepec de Juárez,2025-10-12,1,Crédito,746.07,Artesano,Web,Cancelado
2392,87,202,Querétaro,2025-10-12,1,Débito,1332.79,Artesano,Facebook,Entregado
2393,56,149,CDMX,2025-10-12,1,Crédito,1256.29,Artesano,WhatsApp,Enviado
2394,13,438,CDMX,2025-11-12,2,Débito,498.94,Marca IKAL,Web,Entregado
2395,82,199,Monterrey,2025-11-12,1,Débito,170.22,Artesano,Web,Entregado
2396,15,93,Puebla,2025-11-12,2,Crédito,1410.22,Marca IKAL,Web,Entregado
2397,139,636,Xicotepec de Juárez,2025-11-12,1,Débito,746.07,Artesano,Web,Enviado
2398,14,581,CDMX,2025-11-12,1,Débito,681.09,Marca IKAL,Facebook,Entregado
2399,54,655,Guadalajara,2025-11-12,1,Crédito,916.64,Artesano,Web,En preparación
2400,97,630,CDMX,2025-11-12,1,Crédito,831.76,Artesano,Web,Entregado
2401,71,484,Monterrey,2025-12-12,1,Crédito,322.99,Artesano,Facebook,Cancelado
2402,47,667,Querétaro,2025-12-12,1,Débito,673.74,Artesano,Web,Entregado
2403,85,47,CDMX,2025-12-12,1,Crédito,648.37,Artesano,WhatsApp,Cancelado
2404,76,155,Guadalajara,2025-12-12,1,Crédito,208.38,Artesano,Facebook,Entregado
2405,101,74,Puebla,2025-12-13,1,Débito,292.88,Artesano,Instagram,Enviado
2406,82,15,CDMX,2025-12-13,1,Crédito,170.22,Artesano,Facebook,Enviado
2407,114,291,Monterrey,2025-12-13,1,Débito,215.05,Artesano,Facebook,Cancelado
2408,102,43,Puebla,2025-12-13,1,Débito,813.91,Artesano,Facebook,Enviado
2409,102,363,CDMX,2025-12-13,1,Crédito,813.91,Artesano,Facebook,Entregado
2410,42,169,Puebla,2025-12-13,1,Débito,855.52,Artesano,Web,Cancelado
2411,139,533,Guadalajara,2025-12-13,1,Crédito,746.07,Artesano,Facebook,Entregado
2412,132,556,CDMX,2025-12-13,1,Débito,1213.96,Artesano,WhatsApp,Enviado
2413,71,348,Xicotepec de Juárez,2025-12-13,1,Débito,322.99,Artesano,Instagram,En preparación
2414,112,155,Guadalajara,2025-12-14,1,Débito,144.75,Artesano,Instagram,Entregado
2415,150,9,Toluca,2025-12-14,1,Crédito,340.35,Artesano,Facebook,Cancelado
2416,1,585,Guadalajara,2025-12-14,2,Crédito,663.46,Marca IKAL,Facebook,Entregado
2417,41,97,CDMX,2025-12-14,1,Débito,309.61,Artesano,Web,Enviado
2418,33,351,Querétaro,2025-12-14,1,Crédito,137.5,Artesano,WhatsApp,Entregado
2419,22,305,Puebla,2025-12-14,1,Débito,920.64,Marca IKAL,Facebook,Entregado
2420,108,599,CDMX,2025-12-14,1,Crédito,322.45,Artesano,Web,Entregado
2421,3,448,Guadalajara,2025-12-14,1,Crédito,335.54,Marca IKAL,Facebook,Entregado
2422,40,583,Xicotepec de Juárez,2025-12-14,1,Débito,947.07,Artesano,Web,Entregado
2423,18,430,Puebla,2025-12-14,1,Crédito,150.45,Marca IKAL,Web,Entregado
2424,105,57,Monterrey,2025-12-14,1,Crédito,600.84,Artesano,Instagram,Entregado
2425,128,259,Xicotepec de Juárez,2025-12-15,1,Crédito,1349.46,Artesano,Web,Enviado
2426,4,117,CDMX,2025-12-15,1,Débito,1124.79,Marca IKAL,Facebook,Entregado
2427,101,292,Toluca,2025-12-15,2,Débito,585.76,Artesano,Web,Cancelado
2428,134,329,Pantepec,2025-12-15,1,Crédito,256.55,Artesano,Web,Entregado
2429,40,650,CDMX,2025-12-15,1,Débito,947.07,Artesano,Instagram,Entregado
2430,9,513,CDMX,2025-12-15,1,Crédito,942.9,Marca IKAL,Web,Entregado
2431,4,17,Querétaro,2025-12-15,1,Crédito,1124.79,Marca IKAL,WhatsApp,Entregado
2432,21,219,Puebla,2025-12-15,1,Crédito,796.09,Marca IKAL,WhatsApp,Entregado
2433,97,1,CDMX,2025-12-15,1,Crédito,831.76,Artesano,Web,Entregado
2434,21,150,Puebla,2025-12-15,1,Débito,796.09,Marca IKAL,Web,Entregado
2435,102,355,CDMX,2025-12-15,1,Débito,813.91,Artesano,Instagram,Entregado
2436,75,47,CDMX,2025-12-15,1,Débito,333.06,Artesano,Instagram,Entregado
2437,123,363,CDMX,2025-12-15,2,Débito,501.88,Artesano,WhatsApp,Enviado
2438,93,480,Toluca,2025-12-15,2,Débito,1888.44,Artesano,Facebook,Enviado
2439,21,47,CDMX,2025-12-15,1,Crédito,796.09,Marca IKAL,Web,Enviado
2440,99,83,Xicotepec de Juárez,2025-12-16,1,Crédito,562.15,Artesano,Facebook,Entregado
2441,82,241,CDMX,2025-12-16,1,Crédito,170.22,Artesano,Web,Entregado
2442,114,182,Monterrey,2025-12-16,1,Crédito,215.05,Artesano,Facebook,Enviado
2443,89,281,Toluca,2025-12-16,1,Débito,1293.32,Artesano,Facebook,Entregado
2444,3,156,Monterrey,2025-12-16,1,Crédito,335.54,Marca IKAL,Web,Entregado
2445,136,673,Toluca,2025-12-16,1,Débito,631.33,Artesano,Web,Enviado
2446,68,24,CDMX,2025-12-16,1,Débito,335.5,Artesano,Web,Enviado
2447,8,1,CDMX,2025-12-17,1,Débito,613.15,Marca IKAL,Instagram,Enviado
2448,1,179,Xicotepec de Juárez,2025-12-17,1,Débito,331.73,Marca IKAL,WhatsApp,Entregado
2449,98,379,Pantepec,2025-12-17,1,Crédito,151.34,Artesano,Instagram,Entregado
2450,97,20,Toluca,2025-12-17,2,Débito,1663.52,Artesano,Web,Entregado
2451,129,6,Puebla,2025-12-17,1,Débito,842.96,Artesano,Facebook,Entregado
2452,124,572,Querétaro,2025-12-17,1,Crédito,849.93,Artesano,Web,Entregado
2453,7,103,Xicotepec de Juárez,2025-12-17,1,Crédito,732.86,Marca IKAL,Web,Entregado
2454,141,280,Querétaro,2025-12-17,1,Crédito,228.97,Artesano,Instagram,Entregado
2455,133,290,Monterrey,2025-12-17,1,Crédito,630.44,Artesano,Facebook,En preparación
2456,150,529,Pantepec,2025-12-17,1,Débito,340.35,Artesano,Facebook,Enviado
2457,129,663,Puebla,2025-12-17,1,Débito,842.96,Artesano,Instagram,Entregado
2458,18,567,Querétaro,2025-12-17,2,Débito,300.9,Marca IKAL,Facebook,Cancelado
2459,10,478,Toluca,2025-12-17,2,Crédito,1959.44,Marca IKAL,Web,Entregado
2460,21,181,Pantepec,2025-12-17,1,Crédito,796.09,Marca IKAL,WhatsApp,Cancelado
2461,48,211,Guadalajara,2025-12-17,1,Débito,126.79,Artesano,Web,Entregado
2462,33,455,CDMX,2025-12-17,1,Crédito,137.5,Artesano,Instagram,Entregado
2463,76,329,Pantepec,2025-12-18,1,Débito,208.38,Artesano,Web,En preparación
2464,15,30,Querétaro,2025-12-18,1,Crédito,705.11,Marca IKAL,WhatsApp,Entregado
2465,73,279,Guadalajara,2025-12-18,1,Crédito,882.3,Artesano,Facebook,Cancelado
2466,138,532,Toluca,2025-12-18,2,Crédito,813.72,Artesano,WhatsApp,Entregado
2467,125,379,Pantepec,2025-12-18,1,Débito,384.12,Artesano,Facebook,Enviado
2468,137,519,Monterrey,2025-12-18,1,Débito,293.88,Artesano,Web,Entregado
2469,141,296,CDMX,2025-12-19,1,Débito,228.97,Artesano,Instagram,Entregado
2470,108,618,Guadalajara,2025-12-19,1,Crédito,322.45,Artesano,Instagram,Entregado
2471,97,363,CDMX,2025-12-19,1,Débito,831.76,Artesano,Web,Entregado
2472,136,72,CDMX,2025-12-19,1,Crédito,631.33,Artesano,Instagram,Entregado
2473,78,340,Guadalajara,2025-12-19,1,Débito,1027.23,Artesano,Instagram,Entregado
2474,120,625,Puebla,2025-12-19,2,Crédito,1600.22,Artesano,Web,Entregado
2475,41,410,Xicotepec de Juárez,2025-12-19,1,Débito,309.61,Artesano,Web,Cancelado
2476,140,141,CDMX,2025-12-19,2,Crédito,2138.92,Artesano,Facebook,Entregado
2477,9,524,Guadalajara,2025-12-19,1,Crédito,942.9,Marca IKAL,Facebook,Entregado
2478,23,110,Puebla,2025-12-19,1,Débito,1049.71,Marca IKAL,Web,Entregado
2479,48,645,Guadalajara,2025-12-19,1,Crédito,126.79,Artesano,Web,Entregado
2480,98,307,Guadalajara,2025-12-19,1,Débito,151.34,Artesano,Web,Entregado
2481,62,72,CDMX,2025-12-19,2,Crédito,1076.78,Artesano,Web,Entregado
2482,71,668,Toluca,2025-12-19,1,Crédito,322.99,Artesano,Instagram,Entregado
2483,136,436,Puebla,2025-12-19,1,Débito,631.33,Artesano,Instagram,Entregado
2484,6,523,Monterrey,2025-12-19,2,Crédito,481.6,Marca IKAL,Web,Entregado
2485,22,562,Monterrey,2025-12-19,1,Débito,920.64,Marca IKAL,Instagram,Entregado
2486,10,325,Puebla,2025-12-20,1,Crédito,979.72,Marca IKAL,Instagram,Entregado
2487,137,105,Xicotepec de Juárez,2025-12-20,1,Débito,293.88,Artesano,Web,Cancelado
2488,64,578,Xicotepec de Juárez,2025-12-20,2,Débito,938.04,Artesano,Instagram,Enviado
2489,86,664,Monterrey,2025-12-20,2,Débito,1409.76,Artesano,Web,En preparación
2490,87,202,Querétaro,2025-12-20,2,Débito,2665.58,Artesano,Web,Entregado
2491,128,528,Monterrey,2025-12-21,1,Crédito,1349.46,Artesano,Facebook,Entregado
2492,40,285,CDMX,2025-12-21,2,Débito,1894.14,Artesano,Web,Entregado
2493,85,513,CDMX,2025-12-21,1,Débito,648.37,Artesano,Facebook,Entregado
2494,22,641,Pantepec,2025-12-21,1,Débito,920.64,Marca IKAL,Web,Entregado
2495,18,293,Monterrey,2025-12-21,1,Crédito,150.45,Marca IKAL,Instagram,Entregado
2496,147,404,Toluca,2025-12-21,1,Crédito,273.39,Artesano,WhatsApp,Enviado
2497,14,490,CDMX,2025-12-21,1,Débito,681.09,Marca IKAL,Web,Entregado
2498,22,206,Monterrey,2025-12-22,1,Débito,920.64,Marca IKAL,WhatsApp,Entregado
2499,134,93,Puebla,2025-12-22,1,Crédito,256.55,Artesano,Instagram,Entregado
2500,150,249,CDMX,2025-12-22,1,Débito,340.35,Artesano,Instagram,Entregado
2501,45,633,Toluca,2025-12-22,1,Crédito,276.8,Artesano,Web,Entregado
2502,71,354,Querétaro,2025-12-22,1,Débito,322.99,Artesano,Facebook,Enviado
2503,27,321,CDMX,2025-12-22,1,Crédito,407.42,Marca IKAL,WhatsApp,En preparación
2504,47,69,Monterrey,2025-12-22,1,Débito,673.74,Artesano,Instagram,Enviado
2505,21,16,Pantepec,2025-12-22,1,Crédito,796.09,Marca IKAL,Instagram,Entregado
2506,144,414,Xicotepec de Juárez,2025-12-22,1,Crédito,1152.21,Artesano,Web,En preparación
2507,53,261,Monterrey,2025-12-22,1,Crédito,925.01,Artesano,Facebook,Entregado
2508,97,575,Xicotepec de Juárez,2025-12-22,1,Crédito,831.76,Artesano,Instagram,Entregado
2509,40,483,Toluca,2025-12-22,1,Débito,947.07,Artesano,Facebook,Entregado
2510,23,650,CDMX,2025-12-23,1,Crédito,1049.71,Marca IKAL,Instagram,Entregado
2511,132,487,Guadalajara,2025-12-23,2,Crédito,2427.92,Artesano,Instagram,Enviado
2512,123,27,Querétaro,2025-12-23,1,Débito,250.94,Artesano,Instagram,Cancelado
2513,28,304,Pantepec,2025-12-23,1,Crédito,460.81,Marca IKAL,Instagram,Entregado
2514,31,116,Monterrey,2025-12-23,1,Crédito,301.84,Artesano,Web,Entregado
2515,31,160,Guadalajara,2025-12-23,1,Crédito,301.84,Artesano,Web,Entregado
2516,73,616,Xicotepec de Juárez,2025-12-23,1,Crédito,882.3,Artesano,Instagram,Enviado
2517,52,481,Querétaro,2025-12-23,1,Crédito,645.53,Artesano,Facebook,Entregado
2518,36,353,Monterrey,2025-12-24,1,Débito,853.51,Artesano,WhatsApp,Cancelado
2519,140,515,Xicotepec de Juárez,2025-12-24,1,Crédito,1069.46,Artesano,Web,Entregado
2520,73,258,Xicotepec de Juárez,2025-12-24,1,Crédito,882.3,Artesano,Web,Enviado
2521,110,645,Guadalajara,2025-12-24,1,Débito,474.43,Artesano,Web,Entregado
2522,105,152,Xicotepec de Juárez,2025-12-24,1,Débito,600.84,Artesano,Instagram,Entregado
2523,141,443,CDMX,2025-12-24,1,Crédito,228.97,Artesano,Instagram,Entregado
2524,22,371,Guadalajara,2025-12-24,1,Débito,920.64,Marca IKAL,Web,Entregado
2525,121,425,CDMX,2025-12-24,1,Débito,399.39,Artesano,Instagram,Entregado
2526,123,675,Toluca,2025-12-24,1,Débito,250.94,Artesano,Web,Cancelado
2527,11,238,Puebla,2025-12-24,2,Crédito,1193.1,Marca IKAL,Facebook,Entregado
2528,62,326,Toluca,2025-12-24,1,Débito,538.39,Artesano,Facebook,Entregado
2529,28,11,Puebla,2025-12-25,1,Crédito,460.81,Marca IKAL,Facebook,Entregado
2530,7,325,Puebla,2025-12-25,1,Crédito,732.86,Marca IKAL,Web,Entregado
2531,140,504,Querétaro,2025-12-25,1,Crédito,1069.46,Artesano,Instagram,Entregado
2532,30,171,CDMX,2025-12-25,1,Crédito,610.73,Marca IKAL,Web,Entregado
2533,95,29,CDMX,2025-12-25,1,Débito,865.46,Artesano,Facebook,Entregado
2534,142,40,CDMX,2025-12-25,1,Crédito,788.62,Artesano,Web,Cancelado
2535,147,488,Toluca,2025-12-26,1,Crédito,273.39,Artesano,Instagram,Entregado
2536,28,19,Xicotepec de Juárez,2025-12-26,1,Débito,460.81,Marca IKAL,Web,Entregado
2537,51,48,CDMX,2025-12-26,1,Crédito,136.01,Artesano,Instagram,Entregado
2538,30,608,Toluca,2025-12-26,1,Crédito,610.73,Marca IKAL,WhatsApp,En preparación
2539,87,401,Monterrey,2025-12-26,2,Débito,2665.58,Artesano,WhatsApp,Entregado
2540,12,676,Monterrey,2025-12-26,1,Crédito,1049.0,Marca IKAL,Instagram,Entregado
2541,62,563,Puebla,2025-12-26,1,Débito,538.39,Artesano,Web,Cancelado
2542,19,620,Monterrey,2025-12-26,1,Crédito,938.48,Marca IKAL,Facebook,Entregado
2543,120,372,Xicotepec de Juárez,2025-12-26,1,Débito,800.11,Artesano,Web,Entregado
2544,62,101,Puebla,2025-12-26,1,Crédito,538.39,Artesano,Web,Entregado
2545,112,72,CDMX,2025-12-26,1,Débito,144.75,Artesano,Web,Entregado
2546,41,594,Pantepec,2025-12-26,1,Débito,309.61,Artesano,Facebook,Entregado
2547,15,4,Toluca,2025-12-26,1,Débito,705.11,Marca IKAL,Instagram,Entregado
2548,68,13,Monterrey,2025-12-26,2,Débito,671.0,Artesano,Facebook,Entregado
2549,140,627,CDMX,2025-12-26,1,Débito,1069.46,Artesano,Instagram,Entregado
2550,28,248,CDMX,2025-12-26,2,Crédito,921.62,Marca IKAL,Instagram,Entregado
2551,114,606,Puebla,2025-12-27,1,Crédito,215.05,Artesano,Web,Entregado
2552,114,657,Querétaro,2025-12-27,2,Crédito,430.1,Artesano,Web,Entregado
2553,124,629,Querétaro,2025-12-27,1,Crédito,849.93,Artesano,Facebook,Enviado
2554,29,391,CDMX,2025-12-27,1,Débito,875.71,Marca IKAL,Instagram,Entregado
2555,130,264,Guadalajara,2025-12-27,1,Crédito,918.68,Artesano,Instagram,Entregado
2556,140,71,Puebla,2025-12-27,1,Débito,1069.46,Artesano,Instagram,Entregado
2557,8,505,Monterrey,2025-12-27,2,Crédito,1226.3,Marca IKAL,Instagram,Entregado
2558,36,15,CDMX,2025-12-27,1,Débito,853.51,Artesano,Instagram,Entregado
2559,97,98,Monterrey,2025-12-28,2,Débito,1663.52,Artesano,Instagram,Enviado
2560,75,457,Monterrey,2025-12-28,1,Crédito,333.06,Artesano,Web,Entregado
2561,76,497,Puebla,2025-12-28,1,Débito,208.38,Artesano,Instagram,Entregado
2562,120,440,Monterrey,2025-12-28,1,Crédito,800.11,Artesano,WhatsApp,Entregado
2563,4,392,Toluca,2025-12-28,1,Crédito,1124.79,Marca IKAL,Facebook,Entregado
2564,28,217,Xicotepec de Juárez,2025-12-28,2,Débito,921.62,Marca IKAL,Web,Entregado
2565,60,217,Xicotepec de Juárez,2025-12-28,1,Débito,1057.06,Artesano,Web,Enviado
2566,140,6,Puebla,2025-12-28,2,Crédito,2138.92,Artesano,Facebook,Entregado
2567,149,89,Xicotepec de Juárez,2025-12-28,1,Débito,339.62,Artesano,Instagram,Entregado
2568,29,688,Monterrey,2025-12-28,1,Crédito,875.71,Marca IKAL,Instagram,Cancelado
2569,141,69,Monterrey,2025-12-28,1,Débito,228.97,Artesano,Web,Cancelado
2570,124,195,Puebla,2025-12-28,1,Débito,849.93,Artesano,Instagram,Entregado
2571,105,348,Xicotepec de Juárez,2025-12-28,1,Crédito,600.84,Artesano,WhatsApp,Enviado
2572,9,80,Monterrey,2025-12-28,1,Crédito,942.9,Marca IKAL,Web,Entregado
2573,99,289,CDMX,2025-12-28,1,Débito,562.15,Artesano,Instagram,En preparación
2574,28,294,CDMX,2025-12-28,1,Crédito,460.81,Marca IKAL,Facebook,Enviado
2575,13,12,Puebla,2025-12-29,1,Crédito,249.47,Marca IKAL,Instagram,Entregado
2576,28,309,Guadalajara,2025-12-29,1,Débito,460.81,Marca IKAL,Web,Entregado
2577,141,210,CDMX,2025-12-29,1,Débito,228.97,Artesano,WhatsApp,Entregado
2578,12,230,CDMX,2025-12-29,1,Crédito,1049.0,Marca IKAL,WhatsApp,Entregado
2579,85,671,Pantepec,2025-12-29,1,Crédito,648.37,Artesano,Instagram,Cancelado
2580,24,223,Puebla,2025-12-29,1,Débito,276.07,Marca IKAL,Facebook,Enviado
2581,98,75,CDMX,2025-12-29,1,Débito,151.34,Artesano,Web,En preparación
2582,146,260,Puebla,2025-12-29,1,Crédito,299.41,Artesano,Facebook,Enviado
2583,104,640,Toluca,2025-12-29,1,Crédito,617.8,Artesano,Web,Entregado
2584,13,472,Querétaro,2025-12-30,1,Débito,249.47,Marca IKAL,Web,Entregado
2585,147,24,CDMX,2025-12-30,1,Crédito,273.39,Artesano,Web,Enviado
2586,62,154,Pantepec,2025-12-31,1,Crédito,538.39,Artesano,Instagram,Entregado
2587,75,468,Toluca,2025-12-31,1,Débito,333.06,Artesano,Web,Cancelado
2588,108,420,CDMX,2025-12-31,2,Débito,644.9,Artesano,Web,Enviado
2589,28,338,Monterrey,2025-12-31,1,Crédito,460.81,Marca IKAL,Instagram,Entregado
2590,30,686,Xicotepec de Juárez,2025-12-31,1,Débito,610.73,Marca IKAL,Web,Entregado
2591,56,169,Puebla,2025-12-31,2,Débito,2512.58,Artesano,Web,Entregado
2592,133,254,Monterrey,2025-12-31,1,Débito,630.44,Artesano,Instagram,Enviado
2593,81,412,Xicotepec de Juárez,2025-12-31,1,Crédito,238.25,Artesano,Instagram,Entregado
2594,114,628,Puebla,2025-12-31,1,Débito,215.05,Artesano,Web,Entregado
2595,137,321,CDMX,2025-12-31,1,Débito,293.88,Artesano,Web,Enviado
2596,56,300,Puebla,2025-12-31,1,Débito,1256.29,Artesano,Instagram,Entregado
2597,88,650,CDMX,2025-12-31,1,Débito,866.06,Artesano,Facebook,Cancelado
2598,51,504,Querétaro,2025-12-31,1,Crédito,136.01,Artesano,Web,En preparación
2599,5,493,Monterrey,2025-12-31,2,Débito,589.44,Marca IKAL,Facebook,Entregado
2600,23,325,Puebla,2026-01-01,1,Débito,1049.71,Marca IKAL,Instagram,Enviado
2601,20,34,Puebla,2026-01-01,1,Débito,1250.45,Marca IKAL,Instagram,Cancelado
2602,149,671,Pantepec,2026-01-01,1,Crédito,339.62,Artesano,Facebook,Entregado
2603,133,245,Toluca,2026-01-01,1,Crédito,630.44,Artesano,Instagram,Entregado
2604,124,47,CDMX,2026-01-01,2,Crédito,1699.86,Artesano,Web,Entregado
2605,4,88,Xicotepec de Juárez,2026-02-01,1,Débito,1124.79,Marca IKAL,WhatsApp,Entregado
2606,6,88,Xicotepec de Juárez,2026-03-01,1,Crédito,240.8,Marca IKAL,Instagram,En preparación
2607,81,544,Xicotepec de Juárez,2026-03-01,1,Crédito,238.25,Artesano,Instagram,Entregado
2608,105,514,CDMX,2026-04-01,1,Débito,600.84,Artesano,Instagram,Entregado
2609,41,43,Puebla,2026-04-01,1,Débito,309.61,Artesano,Web,Entregado
2610,149,305,Puebla,2026-05-01,1,Débito,339.62,Artesano,WhatsApp,Entregado
2611,132,262,Guadalajara,2026-05-01,1,Débito,1213.96,Artesano,Instagram,Cancelado
2612,108,621,Monterrey,2026-05-01,1,Débito,322.45,Artesano,Instagram,Entregado
2613,123,135,Querétaro,2026-05-01,1,Débito,250.94,Artesano,Instagram,Entregado
2614,24,210,CDMX,2026-06-01,1,Débito,276.07,Marca IKAL,Web,Enviado
2615,20,137,CDMX,2026-06-01,1,Débito,1250.45,Marca IKAL,Instagram,Enviado
2616,105,80,Monterrey,2026-06-01,1,Débito,600.84,Artesano,Facebook,Entregado
2617,85,450,Pantepec,2026-07-01,1,Débito,648.37,Artesano,Instagram,Entregado
2618,103,661,Xicotepec de Juárez,2026-08-01,1,Débito,705.17,Artesano,Instagram,Entregado
2619,4,111,Puebla,2026-08-01,1,Crédito,1124.79,Marca IKAL,Web,Entregado
2620,47,608,Toluca,2026-08-01,1,Crédito,673.74,Artesano,Facebook,Entregado
2621,30,315,Xicotepec de Juárez,2026-08-01,2,Crédito,1221.46,Marca IKAL,Facebook,Entregado
2622,95,157,CDMX,2026-09-01,1,Débito,865.46,Artesano,Instagram,Entregado
2623,71,275,Puebla,2026-01-10,1,Débito,322.99,Artesano,Web,Entregado
2624,23,446,Querétaro,2026-10-01,1,Crédito,1049.71,Marca IKAL,Web,Enviado
2625,19,211,Guadalajara,2026-10-01,1,Crédito,938.48,Marca IKAL,Instagram,Cancelado
2626,1,488,Toluca,2026-10-01,1,Débito,331.73,Marca IKAL,WhatsApp,Entregado
2627,81,369,Guadalajara,2026-11-01,1,Débito,238.25,Artesano,Instagram,Entregado
2628,27,20,Toluca,2026-11-01,1,Débito,407.42,Marca IKAL,Web,Entregado
2629,4,683,Puebla,2026-11-01,1,Débito,1124.79,Marca IKAL,Instagram,Entregado
2630,47,144,CDMX,2026-12-01,1,Crédito,673.74,Artesano,Instagram,Entregado
2631,12,89,Xicotepec de Juárez,2026-12-01,1,Débito,1049.0,Marca IKAL,Instagram,Enviado
2632,2,343,CDMX,2026-12-01,1,Crédito,1027.04,Marca IKAL,Instagram,Entregado
2633,103,145,Puebla,2026-12-01,1,Débito,705.17,Artesano,Facebook,Entregado
2634,82,307,Guadalajara,2026-12-01,1,Crédito,170.22,Artesano,WhatsApp,Entregado
2635,42,182,Monterrey,2026-12-01,1,Débito,855.52,Artesano,Web,Entregado
2636,98,543,Monterrey,2026-12-01,1,Crédito,151.34,Artesano,Web,Entregado
2637,103,641,Pantepec,2026-12-01,1,Débito,705.17,Artesano,Facebook,En preparación
2638,56,632,Xicotepec de Juárez,2026-01-13,1,Crédito,1256.29,Artesano,Instagram,Cancelado
2639,5,375,Xicotepec de Juárez,2026-01-13,1,Crédito,294.72,Marca IKAL,Instagram,En preparación
2640,20,716,Monterrey,2026-01-13,1,Crédito,1250.45,Marca IKAL,WhatsApp,Enviado
2641,9,42,CDMX,2026-01-13,1,Débito,942.9,Marca IKAL,Facebook,Entregado
2642,83,24,CDMX,2026-01-13,1,Débito,284.51,Artesano,Instagram,Entregado
2643,21,115,Querétaro,2026-01-14,1,Crédito,796.09,Marca IKAL,Web,Entregado
2644,150,556,CDMX,2026-01-14,1,Débito,340.35,Artesano,Web,Enviado
2645,136,476,CDMX,2026-01-14,1,Débito,631.33,Artesano,Facebook,Entregado
2646,125,34,Puebla,2026-01-14,1,Crédito,384.12,Artesano,WhatsApp,Enviado
2647,120,709,Guadalajara,2026-01-15,1,Débito,800.11,Artesano,Web,Entregado
2648,64,216,Puebla,2026-01-16,1,Débito,469.02,Artesano,Web,Entregado
2649,24,329,Pantepec,2026-01-16,1,Crédito,276.07,Marca IKAL,Web,Entregado
2650,73,661,Xicotepec de Juárez,2026-01-16,1,Crédito,882.3,Artesano,Instagram,Enviado
2651,51,66,Guadalajara,2026-01-16,1,Débito,136.01,Artesano,Facebook,Entregado
2652,93,180,CDMX,2026-01-16,1,Débito,944.22,Artesano,WhatsApp,Entregado
2653,47,275,Puebla,2026-01-16,1,Crédito,673.74,Artesano,Facebook,En preparación
2654,133,467,Querétaro,2026-01-16,2,Débito,1260.88,Artesano,Web,Entregado
2655,78,209,CDMX,2026-01-17,1,Débito,1027.23,Artesano,Instagram,Entregado
2656,5,61,CDMX,2026-01-17,1,Débito,294.72,Marca IKAL,Instagram,Entregado
2657,123,271,Monterrey,2026-01-17,1,Crédito,250.94,Artesano,Facebook,En preparación
2658,29,148,Toluca,2026-01-18,1,Débito,875.71,Marca IKAL,Facebook,Entregado
2659,112,316,Puebla,2026-01-18,1,Crédito,144.75,Artesano,Web,Enviado
2660,99,211,Guadalajara,2026-01-18,2,Débito,1124.3,Artesano,Facebook,Entregado
2661,19,153,Puebla,2026-01-18,1,Débito,938.48,Marca IKAL,Instagram,Entregado
2662,19,452,Querétaro,2026-01-19,2,Débito,1876.96,Marca IKAL,Web,Entregado
2663,125,263,Querétaro,2026-01-19,1,Crédito,384.12,Artesano,Web,Enviado
2664,149,128,Toluca,2026-01-20,1,Débito,339.62,Artesano,WhatsApp,Entregado
2665,106,696,Toluca,2026-01-20,1,Crédito,211.88,Artesano,WhatsApp,Entregado
2666,19,59,Pantepec,2026-01-20,1,Crédito,938.48,Marca IKAL,Facebook,Entregado
2667,97,445,Xicotepec de Juárez,2026-01-20,1,Crédito,831.76,Artesano,WhatsApp,Entregado
2668,133,712,CDMX,2026-01-21,1,Débito,630.44,Artesano,Instagram,Entregado
2669,142,410,Xicotepec de Juárez,2026-01-21,1,Débito,788.62,Artesano,Instagram,Entregado
2670,112,124,Toluca,2026-01-21,2,Débito,289.5,Artesano,Web,En preparación
2671,14,575,Xicotepec de Juárez,2026-01-22,1,Débito,681.09,Marca IKAL,Instagram,Entregado
2672,86,287,Monterrey,2026-01-23,1,Débito,704.88,Artesano,Web,Entregado
2673,13,667,Querétaro,2026-01-24,1,Crédito,249.47,Marca IKAL,Facebook,Enviado
2674,6,486,Monterrey,2026-01-26,1,Débito,240.8,Marca IKAL,Facebook,Entregado
2675,3,120,CDMX,2026-01-26,1,Crédito,335.54,Marca IKAL,Facebook,Entregado
2676,139,190,Puebla,2026-01-26,2,Débito,1492.14,Artesano,Web,Enviado
2677,16,181,Pantepec,2026-01-27,1,Crédito,885.45,Marca IKAL,Web,Entregado
2678,21,287,Monterrey,2026-01-27,1,Crédito,796.09,Marca IKAL,Web,Entregado
2679,105,504,Querétaro,2026-01-27,2,Crédito,1201.68,Artesano,Facebook,Entregado
2680,75,558,Monterrey,2026-01-28,2,Débito,666.12,Artesano,Web,Entregado
2681,33,380,Guadalajara,2026-01-28,1,Crédito,137.5,Artesano,Web,Entregado
2682,9,458,Guadalajara,2026-01-29,2,Crédito,1885.8,Marca IKAL,Web,Entregado
2683,47,569,Monterrey,2026-01-29,1,Crédito,673.74,Artesano,Instagram,Entregado
2684,110,405,Puebla,2026-01-29,1,Débito,474.43,Artesano,Instagram,Entregado
2685,17,484,Monterrey,2026-01-29,1,Crédito,136.2,Marca IKAL,Instagram,Entregado
2686,33,327,Puebla,2026-01-30,1,Crédito,137.5,Artesano,Instagram,Enviado
2687,130,426,Guadalajara,2026-01-30,1,Crédito,918.68,Artesano,Instagram,Entregado
2688,11,617,Guadalajara,2026-01-31,2,Débito,1193.1,Marca IKAL,Web,Entregado
2689,125,145,Puebla,2026-01-31,1,Débito,384.12,Artesano,Instagram,Entregado
2690,129,148,Toluca,2026-01-31,1,Débito,842.96,Artesano,Instagram,Entregado
2691,132,389,Guadalajara,2026-01-02,1,Débito,1213.96,Artesano,Web,Enviado
2692,125,494,Puebla,2026-01-02,1,Crédito,384.12,Artesano,Facebook,Entregado
2693,14,296,CDMX,2026-01-02,1,Débito,681.09,Marca IKAL,Web,Entregado
2694,125,502,Monterrey,2026-02-02,1,Débito,384.12,Artesano,Web,Entregado
2695,10,44,Monterrey,2026-02-02,1,Crédito,979.72,Marca IKAL,Web,Entregado
2696,64,531,Monterrey,2026-03-02,2,Débito,938.04,Artesano,Web,Entregado
2697,112,739,CDMX,2026-03-02,2,Débito,289.5,Artesano,Web,Cancelado
2698,74,12,Puebla,2026-03-02,1,Crédito,829.73,Artesano,Facebook,Entregado
2699,52,602,Monterrey,2026-05-02,1,Débito,645.53,Artesano,Web,Entregado
2700,137,578,Xicotepec de Juárez,2026-05-02,1,Débito,293.88,Artesano,Instagram,Entregado
2701,120,695,Puebla,2026-05-02,1,Débito,800.11,Artesano,Web,Entregado
2702,147,147,Querétaro,2026-06-02,1,Crédito,273.39,Artesano,Web,Entregado
2703,85,597,Querétaro,2026-06-02,1,Débito,648.37,Artesano,Instagram,Entregado
2704,123,418,CDMX,2026-06-02,1,Débito,250.94,Artesano,Instagram,Entregado
2705,146,283,Monterrey,2026-07-02,1,Crédito,299.41,Artesano,Instagram,Entregado
2706,136,225,Querétaro,2026-08-02,1,Crédito,631.33,Artesano,Instagram,Cancelado
2707,56,225,Querétaro,2026-08-02,1,Crédito,1256.29,Artesano,Instagram,Entregado
2708,97,292,Toluca,2026-09-02,1,Débito,831.76,Artesano,Facebook,Entregado
2709,41,548,Toluca,2026-09-02,2,Crédito,619.22,Artesano,Web,Entregado
2710,117,22,Monterrey,2026-10-02,1,Débito,363.58,Artesano,Instagram,Entregado
2711,41,752,Puebla,2026-10-02,1,Crédito,309.61,Artesano,WhatsApp,Entregado
2712,56,98,Monterrey,2026-11-02,2,Crédito,2512.58,Artesano,Web,Entregado
2713,147,96,Monterrey,2026-11-02,1,Crédito,273.39,Artesano,Facebook,Cancelado
2714,6,561,Toluca,2026-11-02,1,Débito,240.8,Marca IKAL,Instagram,Entregado
2715,120,760,Toluca,2026-12-02,1,Débito,800.11,Artesano,Instagram,Entregado
2716,79,381,Xicotepec de Juárez,2026-12-02,2,Crédito,881.76,Artesano,Instagram,En preparación
2717,13,402,Monterrey,2026-12-02,1,Crédito,249.47,Marca IKAL,Facebook,Entregado
2718,83,681,Xicotepec de Juárez,2026-02-13,1,Crédito,284.51,Artesano,Instagram,Enviado
2719,60,509,Querétaro,2026-02-13,1,Débito,1057.06,Artesano,Web,Entregado
2720,40,151,CDMX,2026-02-13,1,Crédito,947.07,Artesano,Web,Entregado
2721,128,247,Toluca,2026-02-13,1,Crédito,1349.46,Artesano,Web,Enviado
2722,68,564,CDMX,2026-02-13,1,Débito,335.5,Artesano,WhatsApp,Cancelado
2723,108,733,Puebla,2026-02-14,1,Débito,322.45,Artesano,Facebook,Entregado
2724,97,716,Monterrey,2026-02-14,1,Crédito,831.76,Artesano,Web,Entregado
2725,2,438,CDMX,2026-02-14,1,Débito,1027.04,Marca IKAL,Web,Enviado
2726,15,659,Querétaro,2026-02-15,1,Débito,705.11,Marca IKAL,Web,Entregado
2727,2,83,Xicotepec de Juárez,2026-02-15,1,Crédito,1027.04,Marca IKAL,WhatsApp,Entregado
2728,8,207,Xicotepec de Juárez,2026-02-17,1,Crédito,613.15,Marca IKAL,WhatsApp,Enviado
2729,30,636,Xicotepec de Juárez,2026-02-17,1,Crédito,610.73,Marca IKAL,Instagram,Entregado
2730,4,748,Guadalajara,2026-02-18,1,Crédito,1124.79,Marca IKAL,Web,En preparación
2731,123,731,Guadalajara,2026-02-18,1,Crédito,250.94,Artesano,Web,Entregado
2732,21,704,Toluca,2026-02-19,1,Débito,796.09,Marca IKAL,Web,Entregado
2733,16,96,Monterrey,2026-02-19,1,Crédito,885.45,Marca IKAL,Web,Entregado
2734,138,371,Guadalajara,2026-02-20,1,Débito,406.86,Artesano,Facebook,Entregado
2735,133,290,Monterrey,2026-02-21,1,Débito,630.44,Artesano,WhatsApp,Entregado
2736,75,193,CDMX,2026-02-22,1,Crédito,333.06,Artesano,Web,Entregado
2737,9,751,Puebla,2026-02-23,1,Crédito,942.9,Marca IKAL,Instagram,Entregado
2738,146,60,Querétaro,2026-02-23,1,Débito,299.41,Artesano,Facebook,Entregado
2739,6,627,CDMX,2026-02-23,1,Crédito,240.8,Marca IKAL,Web,Entregado
2740,123,23,Guadalajara,2026-02-23,1,Crédito,250.94,Artesano,Instagram,Enviado
2741,104,296,CDMX,2026-02-23,1,Débito,617.8,Artesano,Facebook,Entregado
2742,70,514,CDMX,2026-02-24,1,Crédito,726.27,Artesano,Instagram,En preparación
2743,110,244,Monterrey,2026-02-24,1,Crédito,474.43,Artesano,Web,Entregado
2744,73,453,Querétaro,2026-02-24,1,Crédito,882.3,Artesano,WhatsApp,Entregado
2745,110,643,Querétaro,2026-02-24,2,Débito,948.86,Artesano,Facebook,Enviado
2746,13,90,Xicotepec de Juárez,2026-02-25,1,Débito,249.47,Marca IKAL,Instagram,Entregado
2747,4,200,Toluca,2026-02-25,2,Crédito,2249.58,Marca IKAL,Web,Entregado
2748,66,445,Xicotepec de Juárez,2026-02-25,1,Débito,700.75,Artesano,Facebook,Entregado
2749,105,283,Monterrey,2026-02-25,1,Débito,600.84,Artesano,Web,Cancelado
2750,105,249,CDMX,2026-02-25,1,Débito,600.84,Artesano,Instagram,Entregado
2751,86,220,Monterrey,2026-02-26,1,Crédito,704.88,Artesano,Facebook,Entregado
2752,79,109,Pantepec,2026-02-26,1,Débito,440.88,Artesano,Instagram,Entregado
2753,87,282,Puebla,2026-02-26,2,Crédito,2665.58,Artesano,Web,Entregado
2754,5,671,Pantepec,2026-02-26,1,Débito,294.72,Marca IKAL,Web,Entregado
2755,101,410,Xicotepec de Juárez,2026-02-27,1,Crédito,292.88,Artesano,Web,Entregado
2756,105,564,CDMX,2026-02-27,1,Crédito,600.84,Artesano,Facebook,Cancelado
2757,79,494,Puebla,2026-02-27,1,Débito,440.88,Artesano,Instagram,Enviado
2758,75,264,Guadalajara,2026-01-03,1,Débito,333.06,Artesano,WhatsApp,Entregado
2759,34,601,Guadalajara,2026-01-03,1,Crédito,1162.65,Artesano,Facebook,Entregado
2760,20,456,Puebla,2026-02-03,1,Débito,1250.45,Marca IKAL,Facebook,Entregado
2761,10,414,Xicotepec de Juárez,2026-02-03,1,Débito,979.72,Marca IKAL,WhatsApp,Enviado
2762,81,321,CDMX,2026-02-03,1,Crédito,238.25,Artesano,Web,Entregado
2763,18,56,Querétaro,2026-02-03,1,Crédito,150.45,Marca IKAL,Instagram,Entregado
2764,37,476,CDMX,2026-03-03,1,Débito,366.58,Artesano,Instagram,Entregado
2765,105,749,Guadalajara,2026-03-03,2,Débito,1201.68,Artesano,Web,Entregado
2766,129,49,Guadalajara,2026-03-03,1,Débito,842.96,Artesano,Instagram,Entregado
2767,97,642,Monterrey,2026-03-03,1,Crédito,831.76,Artesano,Instagram,Entregado
2768,27,565,CDMX,2026-04-03,1,Débito,407.42,Marca IKAL,Web,Entregado
2769,149,201,Monterrey,2026-04-03,1,Débito,339.62,Artesano,Web,Entregado
2770,120,680,CDMX,2026-04-03,1,Crédito,800.11,Artesano,WhatsApp,Entregado
2771,131,275,Puebla,2026-04-03,2,Débito,521.14,Artesano,Facebook,Entregado
2772,124,230,CDMX,2026-04-03,1,Débito,849.93,Artesano,Instagram,Entregado
2773,40,304,Pantepec,2026-05-03,1,Débito,947.07,Artesano,Facebook,Entregado
2774,11,242,Xicotepec de Juárez,2026-05-03,1,Crédito,596.55,Marca IKAL,Facebook,Entregado
2775,81,689,CDMX,2026-05-03,1,Débito,238.25,Artesano,Instagram,Entregado
2776,90,708,Toluca,2026-05-03,1,Débito,142.48,Artesano,Facebook,Entregado
2777,78,697,CDMX,2026-05-03,2,Crédito,2054.46,Artesano,Web,Cancelado
2778,112,700,Toluca,2026-06-03,1,Crédito,144.75,Artesano,Facebook,Entregado
2779,14,146,Xicotepec de Juárez,2026-06-03,1,Crédito,681.09,Marca IKAL,Instagram,Entregado
2780,18,643,Querétaro,2026-06-03,1,Débito,150.45,Marca IKAL,WhatsApp,Entregado
2781,75,619,Toluca,2026-06-03,1,Crédito,333.06,Artesano,Web,Entregado
2782,20,330,Querétaro,2026-06-03,2,Débito,2500.9,Marca IKAL,Facebook,Enviado
2783,71,634,Guadalajara,2026-06-03,1,Crédito,322.99,Artesano,Web,Entregado
2784,52,783,Guadalajara,2026-07-03,1,Débito,645.53,Artesano,Instagram,Entregado
2785,30,314,Guadalajara,2026-07-03,2,Crédito,1221.46,Marca IKAL,Instagram,Entregado
2786,97,222,CDMX,2026-07-03,1,Débito,831.76,Artesano,Web,Entregado
2787,150,282,Puebla,2026-07-03,1,Débito,340.35,Artesano,Instagram,Entregado
2788,30,753,Xicotepec de Juárez,2026-07-03,1,Crédito,610.73,Marca IKAL,Instagram,En preparación
2789,92,351,Querétaro,2026-07-03,1,Crédito,548.16,Artesano,Web,Entregado
2790,34,136,Monterrey,2026-08-03,1,Crédito,1162.65,Artesano,Instagram,Entregado
2791,101,76,CDMX,2026-08-03,1,Débito,292.88,Artesano,Instagram,Entregado
2792,1,594,Pantepec,2026-08-03,2,Débito,663.46,Marca IKAL,WhatsApp,Entregado
2793,30,359,Xicotepec de Juárez,2026-08-03,1,Débito,610.73,Marca IKAL,Web,Enviado
2794,35,171,CDMX,2026-08-03,2,Crédito,494.16,Artesano,Instagram,Entregado
2795,137,476,CDMX,2026-08-03,1,Crédito,293.88,Artesano,Web,Entregado
2796,6,767,Toluca,2026-08-03,1,Crédito,240.8,Marca IKAL,Web,Entregado
2797,82,274,Guadalajara,2026-08-03,1,Crédito,170.22,Artesano,Instagram,Entregado
2798,8,362,Querétaro,2026-08-03,1,Débito,613.15,Marca IKAL,Web,Entregado
2799,74,659,Querétaro,2026-09-03,1,Crédito,829.73,Artesano,Instagram,Entregado
2800,40,400,Xicotepec de Juárez,2026-09-03,1,Débito,947.07,Artesano,Web,Entregado
2801,131,747,CDMX,2026-09-03,1,Débito,260.57,Artesano,Instagram,Entregado
2802,106,768,Querétaro,2026-09-03,1,Débito,211.88,Artesano,Web,Enviado
2803,11,370,Xicotepec de Juárez,2026-10-03,1,Débito,596.55,Marca IKAL,Web,Entregado
2804,108,291,Monterrey,2026-10-03,1,Crédito,322.45,Artesano,Facebook,Entregado
2805,79,544,Xicotepec de Juárez,2026-10-03,1,Débito,440.88,Artesano,Instagram,Entregado
2806,140,472,Querétaro,2026-03-11,1,Débito,1069.46,Artesano,Web,Entregado
2807,73,453,Querétaro,2026-11-03,1,Crédito,882.3,Artesano,Instagram,Entregado
2808,139,391,CDMX,2026-11-03,1,Débito,746.07,Artesano,Facebook,Entregado
2809,37,279,Guadalajara,2026-11-03,1,Crédito,366.58,Artesano,WhatsApp,Entregado
2810,104,662,Guadalajara,2026-11-03,1,Crédito,617.8,Artesano,Web,Entregado
2811,14,67,Guadalajara,2026-12-03,1,Crédito,681.09,Marca IKAL,Web,Cancelado
2812,99,458,Guadalajara,2026-12-03,2,Crédito,1124.3,Artesano,Web,Entregado
2813,134,638,CDMX,2026-12-03,1,Crédito,256.55,Artesano,Instagram,Entregado
2814,21,228,Guadalajara,2026-12-03,1,Crédito,796.09,Marca IKAL,Instagram,Entregado
2815,144,265,Querétaro,2026-03-13,1,Débito,1152.21,Artesano,Web,Entregado
2816,22,465,Xicotepec de Juárez,2026-03-13,1,Crédito,920.64,Marca IKAL,WhatsApp,Entregado
2817,125,690,Puebla,2026-03-14,1,Débito,384.12,Artesano,Instagram,Entregado
2818,104,327,Puebla,2026-03-15,2,Crédito,1235.6,Artesano,Facebook,Entregado
2819,136,431,Querétaro,2026-03-15,1,Crédito,631.33,Artesano,WhatsApp,Entregado
2820,3,767,Toluca,2026-03-16,1,Crédito,335.54,Marca IKAL,Web,Entregado
2821,144,73,Querétaro,2026-03-16,1,Débito,1152.21,Artesano,Web,Enviado
2822,29,118,Monterrey,2026-03-16,1,Crédito,875.71,Marca IKAL,Instagram,Enviado
2823,2,296,CDMX,2026-03-16,1,Crédito,1027.04,Marca IKAL,WhatsApp,Entregado
2824,122,485,Pantepec,2026-03-17,1,Crédito,650.54,Artesano,Instagram,Cancelado
2825,36,677,CDMX,2026-03-17,1,Débito,853.51,Artesano,Facebook,Enviado
2826,8,475,CDMX,2026-03-17,1,Débito,613.15,Marca IKAL,Web,Entregado
2827,135,757,Monterrey,2026-03-17,1,Crédito,366.54,Artesano,WhatsApp,Entregado
2828,75,464,CDMX,2026-03-17,1,Débito,333.06,Artesano,Web,Entregado
2829,24,707,Puebla,2026-03-17,1,Crédito,276.07,Marca IKAL,Web,Entregado
2830,28,62,Toluca,2026-03-17,1,Crédito,460.81,Marca IKAL,Facebook,Entregado
2831,93,738,Monterrey,2026-03-18,1,Crédito,944.22,Artesano,Facebook,Entregado
2832,53,229,Toluca,2026-03-18,1,Débito,925.01,Artesano,Facebook,Entregado
2833,39,499,Querétaro,2026-03-19,2,Crédito,546.9,Artesano,Web,Entregado
2834,47,428,Toluca,2026-03-19,1,Débito,673.74,Artesano,Web,Entregado
2835,43,401,Monterrey,2026-03-19,1,Débito,702.13,Artesano,Web,Enviado
2836,137,571,Puebla,2026-03-19,1,Débito,293.88,Artesano,Web,Enviado
2837,13,274,Guadalajara,2026-03-20,1,Crédito,249.47,Marca IKAL,WhatsApp,Entregado
2838,110,97,CDMX,2026-03-21,1,Débito,474.43,Artesano,WhatsApp,Entregado
2839,30,663,Puebla,2026-03-21,1,Débito,610.73,Marca IKAL,Web,Entregado
2840,10,468,Toluca,2026-03-21,1,Débito,979.72,Marca IKAL,Facebook,Cancelado
2841,45,185,Xicotepec de Juárez,2026-03-21,1,Crédito,276.8,Artesano,Web,Entregado
2842,117,62,Toluca,2026-03-21,1,Débito,363.58,Artesano,Instagram,Entregado
2843,40,161,Puebla,2026-03-21,1,Débito,947.07,Artesano,Instagram,Enviado
2844,14,741,CDMX,2026-03-22,1,Débito,681.09,Marca IKAL,Web,Entregado
2845,22,795,Toluca,2026-03-23,1,Crédito,920.64,Marca IKAL,Web,Entregado
2846,47,694,Monterrey,2026-03-23,1,Débito,673.74,Artesano,WhatsApp,Enviado
2847,63,368,Xicotepec de Juárez,2026-03-23,1,Débito,491.36,Artesano,Instagram,Entregado
2848,8,430,Puebla,2026-03-23,1,Débito,613.15,Marca IKAL,Web,En preparación
2849,120,101,Puebla,2026-03-23,1,Crédito,800.11,Artesano,Instagram,Entregado
2850,81,60,Querétaro,2026-03-23,2,Crédito,476.5,Artesano,Instagram,En preparación
2851,15,67,Guadalajara,2026-03-23,2,Crédito,1410.22,Marca IKAL,Facebook,Entregado
2852,23,658,Puebla,2026-03-24,1,Crédito,1049.71,Marca IKAL,Web,Entregado
2853,7,305,Puebla,2026-03-24,1,Crédito,732.86,Marca IKAL,Instagram,Entregado
2854,144,717,CDMX,2026-03-24,1,Crédito,1152.21,Artesano,Facebook,Entregado
2855,92,653,CDMX,2026-03-25,1,Débito,548.16,Artesano,Web,Entregado
2856,51,531,Monterrey,2026-03-25,1,Débito,136.01,Artesano,Web,Entregado
2857,71,646,Querétaro,2026-03-25,1,Débito,322.99,Artesano,Web,En preparación
2858,102,502,Monterrey,2026-03-25,1,Débito,813.91,Artesano,Web,Entregado
2859,74,191,Xicotepec de Juárez,2026-03-25,1,Débito,829.73,Artesano,Facebook,Entregado
2860,56,156,Monterrey,2026-03-26,1,Crédito,1256.29,Artesano,Instagram,Entregado
2861,70,305,Puebla,2026-03-26,1,Débito,726.27,Artesano,Instagram,Entregado
2862,35,468,Toluca,2026-03-26,1,Débito,247.08,Artesano,Web,Enviado
2863,27,671,Pantepec,2026-03-27,1,Crédito,407.42,Marca IKAL,Web,Entregado
2864,80,117,CDMX,2026-03-27,1,Crédito,1215.13,Artesano,Facebook,Entregado
2865,76,137,CDMX,2026-03-27,1,Débito,208.38,Artesano,Web,Enviado
2866,27,464,CDMX,2026-03-28,1,Crédito,407.42,Marca IKAL,Web,Entregado
2867,40,18,Querétaro,2026-03-28,1,Débito,947.07,Artesano,Web,Entregado
2868,28,509,Querétaro,2026-03-28,1,Crédito,460.81,Marca IKAL,Instagram,Entregado
2869,136,554,Guadalajara,2026-03-29,1,Débito,631.33,Artesano,Instagram,Entregado
2870,43,7,Monterrey,2026-03-29,1,Débito,702.13,Artesano,WhatsApp,Entregado
2871,112,712,CDMX,2026-03-29,2,Débito,289.5,Artesano,Web,Enviado
2872,10,504,Querétaro,2026-03-29,1,Débito,979.72,Marca IKAL,Web,Entregado
2873,6,161,Puebla,2026-03-30,2,Débito,481.6,Marca IKAL,Web,Entregado
2874,13,685,Puebla,2026-03-30,1,Débito,249.47,Marca IKAL,Web,En preparación
2875,58,68,Toluca,2026-03-30,1,Débito,214.83,Artesano,Web,Entregado
2876,98,548,Toluca,2026-03-30,1,Crédito,151.34,Artesano,WhatsApp,Entregado
2877,115,380,Guadalajara,2026-03-30,1,Débito,191.4,Artesano,Web,Enviado
2878,75,582,CDMX,2026-03-30,1,Débito,333.06,Artesano,Facebook,Entregado
2879,4,707,Puebla,2026-03-30,1,Débito,1124.79,Marca IKAL,Facebook,Enviado
2880,20,110,Puebla,2026-03-30,1,Crédito,1250.45,Marca IKAL,Facebook,Entregado
2881,123,751,Puebla,2026-03-30,1,Crédito,250.94,Artesano,Web,Enviado
2882,103,174,Toluca,2026-03-31,1,Crédito,705.17,Artesano,Web,Enviado
2883,80,411,Puebla,2026-03-31,1,Débito,1215.13,Artesano,Facebook,Entregado
2884,71,425,CDMX,2026-03-31,1,Débito,322.99,Artesano,Web,Entregado
2885,134,607,Monterrey,2026-01-04,1,Crédito,256.55,Artesano,Facebook,Entregado
2886,60,303,Puebla,2026-01-04,1,Débito,1057.06,Artesano,Web,Entregado
2887,75,687,Guadalajara,2026-01-04,1,Débito,333.06,Artesano,Web,Entregado
2888,138,19,Xicotepec de Juárez,2026-01-04,2,Débito,813.72,Artesano,Instagram,Entregado
2889,134,198,CDMX,2026-01-04,2,Crédito,513.1,Artesano,WhatsApp,Entregado
2890,73,338,Monterrey,2026-02-04,1,Crédito,882.3,Artesano,Instagram,Entregado
2891,106,405,Puebla,2026-02-04,1,Débito,211.88,Artesano,Facebook,Entregado
2892,85,7,Monterrey,2026-02-04,1,Débito,648.37,Artesano,Facebook,Entregado
2893,66,172,Toluca,2026-02-04,1,Débito,700.75,Artesano,Instagram,Entregado
2894,98,79,Monterrey,2026-02-04,1,Débito,151.34,Artesano,Instagram,Entregado
2895,18,742,CDMX,2026-04-03,2,Débito,300.9,Marca IKAL,Instagram,Enviado
2896,51,246,Pantepec,2026-03-04,2,Crédito,272.02,Artesano,Web,Entregado
2897,29,78,Xicotepec de Juárez,2026-03-04,2,Crédito,1751.42,Marca IKAL,Instagram,En preparación
2898,18,430,Puebla,2026-03-04,2,Crédito,300.9,Marca IKAL,Instagram,Entregado
2899,7,361,Xicotepec de Juárez,2026-04-03,1,Crédito,732.86,Marca IKAL,Instagram,Enviado
2900,138,570,Pantepec,2026-03-04,1,Crédito,406.86,Artesano,Instagram,Entregado
2901,51,108,Querétaro,2026-04-04,1,Crédito,136.01,Artesano,Instagram,Entregado
2902,103,468,Toluca,2026-04-04,1,Débito,705.17,Artesano,Web,Enviado
2903,89,155,Guadalajara,2026-04-04,1,Crédito,1293.32,Artesano,Instagram,Entregado
2904,141,715,Guadalajara,2026-04-04,1,Débito,228.97,Artesano,Instagram,Entregado
2905,21,69,Monterrey,2026-04-04,1,Débito,796.09,Marca IKAL,Instagram,Entregado
2906,110,251,Monterrey,2026-05-04,1,Crédito,474.43,Artesano,Facebook,Entregado
2907,136,477,Puebla,2026-06-04,1,Crédito,631.33,Artesano,Web,Entregado
2908,55,2,Toluca,2026-06-04,1,Débito,1390.99,Artesano,WhatsApp,Entregado
2909,12,326,Toluca,2026-06-04,1,Crédito,1049.0,Marca IKAL,Web,Entregado
2910,25,702,Xicotepec de Juárez,2026-06-04,1,Crédito,198.82,Marca IKAL,Web,Entregado
2911,105,543,Monterrey,2026-04-06,1,Crédito,600.84,Artesano,Web,Entregado
2912,12,442,Xicotepec de Juárez,2026-06-04,1,Crédito,1049.0,Marca IKAL,Web,Entregado
2913,98,573,CDMX,2026-06-04,2,Crédito,302.68,Artesano,Instagram,Entregado
2914,137,370,Xicotepec de Juárez,2026-07-04,1,Débito,293.88,Artesano,Web,Enviado
2915,22,449,Xicotepec de Juárez,2026-07-04,1,Crédito,920.64,Marca IKAL,Web,Enviado
2916,17,458,Guadalajara,2026-04-07,1,Crédito,136.2,Marca IKAL,Web,Entregado
2917,38,688,Monterrey,2026-07-04,1,Débito,286.01,Artesano,Web,Entregado
2918,99,123,Querétaro,2026-04-07,1,Débito,562.15,Artesano,WhatsApp,Enviado
2919,92,458,Guadalajara,2026-08-04,1,Débito,548.16,Artesano,Instagram,Cancelado
2920,68,418,CDMX,2026-08-04,1,Crédito,335.5,Artesano,Web,Entregado
2921,37,257,CDMX,2026-08-04,1,Débito,366.58,Artesano,Instagram,Cancelado
2922,54,176,Guadalajara,2026-08-04,1,Crédito,916.64,Artesano,Instagram,En preparación
2923,55,52,Monterrey,2026-08-04,2,Débito,2781.98,Artesano,Web,Enviado
2924,131,771,Querétaro,2026-09-04,1,Crédito,260.57,Artesano,Facebook,Entregado
2925,42,503,Xicotepec de Juárez,2026-09-04,1,Débito,855.52,Artesano,Web,Entregado
2926,121,212,Xicotepec de Juárez,2026-09-04,1,Débito,399.39,Artesano,Web,En preparación
2927,71,33,Guadalajara,2026-09-04,1,Crédito,322.99,Artesano,Instagram,Enviado
2928,67,257,CDMX,2026-09-04,1,Débito,936.66,Artesano,Instagram,Entregado
2929,16,355,CDMX,2026-09-04,1,Crédito,885.45,Marca IKAL,Facebook,Entregado
2930,39,35,Querétaro,2026-10-04,1,Crédito,273.45,Artesano,WhatsApp,Entregado
2931,132,313,Monterrey,2026-11-04,2,Débito,2427.92,Artesano,Web,Entregado
2932,17,393,CDMX,2026-11-04,1,Débito,136.2,Marca IKAL,Web,Entregado
2933,36,735,Monterrey,2026-11-04,1,Débito,853.51,Artesano,Instagram,Entregado
2934,141,721,CDMX,2026-12-04,1,Crédito,228.97,Artesano,WhatsApp,Enviado
2935,60,496,Guadalajara,2026-12-04,1,Crédito,1057.06,Artesano,Facebook,En preparación
2936,28,92,Xicotepec de Juárez,2026-12-04,1,Débito,460.81,Marca IKAL,Web,Entregado
2937,67,200,Toluca,2026-12-04,1,Débito,936.66,Artesano,Web,Cancelado
2938,25,438,CDMX,2026-12-04,1,Crédito,198.82,Marca IKAL,Web,En preparación
2939,137,658,Puebla,2026-04-13,1,Débito,293.88,Artesano,Web,Cancelado
2940,9,64,CDMX,2026-04-13,1,Crédito,942.9,Marca IKAL,Instagram,Entregado
2941,104,472,Querétaro,2026-04-13,1,Crédito,617.8,Artesano,Web,Entregado
2942,41,69,Monterrey,2026-04-13,2,Crédito,619.22,Artesano,WhatsApp,Enviado
2943,143,817,Guadalajara,2026-04-13,1,Débito,1019.49,Artesano,WhatsApp,Enviado
2944,133,215,Toluca,2026-04-13,1,Crédito,630.44,Artesano,Web,Enviado
2945,81,289,CDMX,2026-04-14,1,Crédito,238.25,Artesano,Web,Entregado
2946,145,121,Pantepec,2026-04-14,1,Crédito,312.51,Artesano,Web,Entregado
2947,128,812,CDMX,2026-04-14,1,Débito,1349.46,Artesano,Instagram,Entregado
2948,150,538,Puebla,2026-04-15,1,Débito,340.35,Artesano,WhatsApp,Enviado
2949,63,346,Guadalajara,2026-04-15,1,Débito,491.36,Artesano,Instagram,Entregado
2950,75,293,Monterrey,2026-04-15,1,Débito,333.06,Artesano,Instagram,Entregado
2951,56,458,Guadalajara,2026-04-15,1,Débito,1256.29,Artesano,Instagram,Cancelado
2952,128,705,CDMX,2026-04-15,2,Crédito,2698.92,Artesano,Instagram,Entregado
2953,102,62,Toluca,2026-04-16,1,Débito,813.91,Artesano,Web,Enviado
2954,36,518,Guadalajara,2026-04-17,1,Crédito,853.51,Artesano,Facebook,Entregado
2955,20,198,CDMX,2026-04-17,1,Crédito,1250.45,Marca IKAL,Web,Entregado
2956,142,547,Puebla,2026-04-18,2,Débito,1577.24,Artesano,Web,Entregado
2957,18,231,Xicotepec de Juárez,2026-04-18,1,Débito,150.45,Marca IKAL,Instagram,Enviado
2958,67,795,Toluca,2026-04-18,1,Débito,936.66,Artesano,Web,Enviado
2959,1,345,Toluca,2026-04-18,1,Débito,331.73,Marca IKAL,WhatsApp,Cancelado
2960,48,797,Puebla,2026-04-18,1,Crédito,126.79,Artesano,Web,En preparación
2961,132,174,Toluca,2026-04-18,1,Débito,1213.96,Artesano,WhatsApp,Entregado
2962,8,513,CDMX,2026-04-18,1,Débito,613.15,Marca IKAL,Web,Entregado
2963,27,768,Querétaro,2026-04-18,1,Débito,407.42,Marca IKAL,Web,En preparación
2964,29,509,Querétaro,2026-04-19,1,Crédito,875.71,Marca IKAL,Instagram,Entregado
2965,82,568,Xicotepec de Juárez,2026-04-19,1,Débito,170.22,Artesano,Instagram,Entregado
2966,51,564,CDMX,2026-04-20,1,Débito,136.01,Artesano,Instagram,Enviado
2967,138,314,Guadalajara,2026-04-20,1,Crédito,406.86,Artesano,WhatsApp,Entregado
2968,10,647,Puebla,2026-04-20,2,Débito,1959.44,Marca IKAL,Web,Entregado
2969,140,345,Toluca,2026-04-20,1,Débito,1069.46,Artesano,Facebook,En preparación
2970,136,646,Querétaro,2026-04-20,2,Débito,1262.66,Artesano,Web,Entregado
2971,51,12,Puebla,2026-04-21,2,Débito,272.02,Artesano,Instagram,Entregado
2972,95,421,CDMX,2026-04-21,1,Débito,865.46,Artesano,Web,Cancelado
2973,79,44,Monterrey,2026-04-21,1,Débito,440.88,Artesano,WhatsApp,Entregado
2974,114,135,Querétaro,2026-04-21,1,Débito,215.05,Artesano,Facebook,Entregado
2975,135,42,CDMX,2026-04-21,1,Crédito,366.54,Artesano,Instagram,Entregado
2976,14,567,Querétaro,2026-04-21,1,Débito,681.09,Marca IKAL,Facebook,Entregado
2977,63,35,Querétaro,2026-04-21,1,Crédito,491.36,Artesano,Instagram,Entregado
2978,62,301,Pantepec,2026-04-21,1,Crédito,538.39,Artesano,Instagram,Entregado
2979,150,798,Pantepec,2026-04-22,1,Débito,340.35,Artesano,Web,Entregado
2980,133,307,Guadalajara,2026-04-22,1,Débito,630.44,Artesano,Facebook,Entregado
2981,11,437,Toluca,2026-04-22,1,Débito,596.55,Marca IKAL,Instagram,Entregado
2982,56,781,Guadalajara,2026-04-22,1,Débito,1256.29,Artesano,Instagram,Cancelado
2983,140,788,CDMX,2026-04-22,1,Crédito,1069.46,Artesano,Instagram,Entregado
2984,105,59,Pantepec,2026-04-22,1,Crédito,600.84,Artesano,Web,Enviado
2985,95,435,Querétaro,2026-04-23,1,Crédito,865.46,Artesano,Web,Entregado
2986,59,795,Toluca,2026-04-23,1,Crédito,396.48,Artesano,Facebook,Entregado
2987,150,565,CDMX,2026-04-23,2,Crédito,680.7,Artesano,Web,Entregado
2988,121,680,CDMX,2026-04-24,1,Crédito,399.39,Artesano,Instagram,Enviado
2989,31,398,Monterrey,2026-04-24,1,Débito,301.84,Artesano,Web,Enviado
2990,66,94,Querétaro,2026-04-24,1,Crédito,700.75,Artesano,Web,Entregado
2991,146,181,Pantepec,2026-04-24,1,Crédito,299.41,Artesano,WhatsApp,Enviado
2992,112,771,Querétaro,2026-04-24,1,Débito,144.75,Artesano,Instagram,Entregado
2993,1,257,CDMX,2026-04-25,1,Crédito,331.73,Marca IKAL,Facebook,En preparación
2994,125,626,Puebla,2026-04-25,1,Débito,384.12,Artesano,Instagram,Entregado
2995,34,593,CDMX,2026-04-25,1,Crédito,1162.65,Artesano,Web,Entregado
2996,101,270,Toluca,2026-04-25,2,Débito,585.76,Artesano,Facebook,En preparación
2997,70,116,Monterrey,2026-04-26,2,Débito,1452.54,Artesano,Web,Entregado
2998,20,238,Puebla,2026-04-26,1,Crédito,1250.45,Marca IKAL,Web,Entregado
2999,23,18,Querétaro,2026-04-26,2,Débito,2099.42,Marca IKAL,Facebook,Entregado
3000,74,310,Pantepec,2026-04-26,1,Crédito,829.73,Artesano,Facebook,Enviado
3001,84,51,Guadalajara,2026-04-26,1,Débito,176.32,Artesano,Web,Entregado
3002,51,452,Querétaro,2026-04-27,1,Débito,136.01,Artesano,Instagram,Entregado
3003,110,163,Monterrey,2026-04-27,1,Crédito,474.43,Artesano,Instagram,Entregado
3004,20,237,CDMX,2026-04-27,1,Crédito,1250.45,Marca IKAL,Facebook,Entregado
3005,35,57,Monterrey,2026-04-27,1,Débito,247.08,Artesano,Web,Cancelado
3006,146,714,Xicotepec de Juárez,2026-04-28,1,Débito,299.41,Artesano,WhatsApp,Entregado
3007,15,554,Guadalajara,2026-04-28,1,Débito,705.11,Marca IKAL,Instagram,Entregado
3008,43,47,CDMX,2026-04-28,1,Crédito,702.13,Artesano,Web,Entregado
3009,74,458,Guadalajara,2026-04-28,1,Débito,829.73,Artesano,Web,Cancelado
3010,18,78,Xicotepec de Juárez,2026-04-29,1,Crédito,150.45,Marca IKAL,WhatsApp,Entregado
3011,49,487,Guadalajara,2026-04-29,1,Crédito,151.29,Artesano,Web,En preparación
3012,33,71,Puebla,2026-04-29,1,Crédito,137.5,Artesano,Instagram,Entregado
3013,66,199,Monterrey,2026-04-29,1,Crédito,700.75,Artesano,Web,Entregado
3014,11,446,Querétaro,2026-04-29,1,Crédito,596.55,Marca IKAL,Facebook,Entregado
3015,60,539,Guadalajara,2026-04-29,1,Crédito,1057.06,Artesano,Facebook,Entregado
3016,85,9,Toluca,2026-04-29,1,Crédito,648.37,Artesano,Facebook,Entregado
3017,40,12,Puebla,2026-04-30,1,Crédito,947.07,Artesano,Facebook,Entregado
3018,105,148,Toluca,2026-04-30,1,Crédito,600.84,Artesano,Instagram,Entregado
3019,112,250,Guadalajara,2026-04-30,2,Débito,289.5,Artesano,Web,Enviado
3020,109,793,Guadalajara,2026-01-05,1,Crédito,308.14,Artesano,Facebook,Entregado
3021,72,348,Xicotepec de Juárez,2026-01-05,2,Crédito,683.26,Artesano,Web,En preparación
3022,72,642,Monterrey,2026-05-01,2,Crédito,683.26,Artesano,Instagram,En preparación
3023,136,561,Toluca,2026-01-05,1,Crédito,631.33,Artesano,Web,Entregado
3024,37,267,Toluca,2026-01-05,1,Crédito,366.58,Artesano,Web,Entregado
3025,4,436,Puebla,2026-01-05,1,Débito,1124.79,Marca IKAL,Facebook,En preparación
3026,59,588,Guadalajara,2026-01-05,1,Crédito,396.48,Artesano,Web,Entregado
3027,136,547,Puebla,2026-05-01,1,Débito,631.33,Artesano,Web,Entregado
3028,72,79,Monterrey,2026-01-05,2,Crédito,683.26,Artesano,Instagram,Enviado
3029,15,508,Puebla,2026-01-05,1,Débito,705.11,Marca IKAL,Web,En preparación
3030,146,491,Monterrey,2026-01-05,1,Débito,299.41,Artesano,Instagram,Entregado
3031,10,89,Xicotepec de Juárez,2026-01-05,1,Crédito,979.72,Marca IKAL,Web,Cancelado
3032,136,499,Querétaro,2026-02-05,1,Crédito,631.33,Artesano,Web,Entregado
3033,51,582,CDMX,2026-02-05,1,Débito,136.01,Artesano,Facebook,Enviado
3034,150,149,CDMX,2026-02-05,1,Débito,340.35,Artesano,Facebook,Entregado
3035,88,69,Monterrey,2026-05-02,2,Crédito,1732.12,Artesano,Web,Entregado
3036,129,31,Guadalajara,2026-02-05,2,Débito,1685.92,Artesano,Facebook,Entregado
3037,62,364,Toluca,2026-03-05,1,Crédito,538.39,Artesano,Web,En preparación
3038,136,492,CDMX,2026-03-05,1,Crédito,631.33,Artesano,Instagram,Entregado
3039,135,315,Xicotepec de Juárez,2026-03-05,1,Débito,366.54,Artesano,Web,Entregado
3040,7,183,Toluca,2026-03-05,1,Crédito,732.86,Marca IKAL,Instagram,Entregado
3041,30,802,Pantepec,2026-03-05,1,Crédito,610.73,Marca IKAL,Web,En preparación
3042,9,381,Xicotepec de Juárez,2026-05-03,1,Débito,942.9,Marca IKAL,Web,Entregado
3043,52,282,Puebla,2026-04-05,1,Crédito,645.53,Artesano,Facebook,Entregado
3044,17,231,Xicotepec de Juárez,2026-04-05,2,Crédito,272.4,Marca IKAL,Instagram,Entregado
3045,92,307,Guadalajara,2026-04-05,2,Crédito,1096.32,Artesano,Web,En preparación
3046,68,1,CDMX,2026-04-05,1,Crédito,335.5,Artesano,Web,Entregado
3047,48,352,Querétaro,2026-05-05,1,Débito,126.79,Artesano,Facebook,Entregado
3048,74,568,Xicotepec de Juárez,2026-05-05,2,Débito,1659.46,Artesano,Facebook,Entregado
3049,144,633,Toluca,2026-05-05,1,Crédito,1152.21,Artesano,Instagram,Entregado
3050,97,424,Puebla,2026-05-05,1,Débito,831.76,Artesano,Web,Entregado
3051,14,523,Monterrey,2026-05-05,1,Débito,681.09,Marca IKAL,Facebook,Entregado
3052,147,712,CDMX,2026-05-05,1,Crédito,273.39,Artesano,Facebook,Entregado
3053,80,685,Puebla,2026-05-05,1,Crédito,1215.13,Artesano,Web,En preparación
3054,22,292,Toluca,2026-05-05,2,Crédito,1841.28,Marca IKAL,Web,Entregado
3055,18,503,Xicotepec de Juárez,2026-05-05,1,Débito,150.45,Marca IKAL,Instagram,Entregado
3056,90,309,Guadalajara,2026-06-05,2,Crédito,284.96,Artesano,WhatsApp,Entregado
3057,121,82,Guadalajara,2026-06-05,1,Débito,399.39,Artesano,Instagram,Entregado
3058,122,19,Xicotepec de Juárez,2026-05-06,2,Débito,1301.08,Artesano,Web,En preparación
3059,136,673,Toluca,2026-06-05,1,Débito,631.33,Artesano,Instagram,Enviado
3060,112,259,Xicotepec de Juárez,2026-06-05,1,Débito,144.75,Artesano,Facebook,Entregado
3061,135,508,Puebla,2026-07-05,1,Crédito,366.54,Artesano,Web,Entregado
3062,70,742,CDMX,2026-07-05,2,Crédito,1452.54,Artesano,Facebook,Entregado
3063,28,764,Pantepec,2026-07-05,1,Crédito,460.81,Marca IKAL,Web,Entregado
3064,146,585,Guadalajara,2026-07-05,1,Débito,299.41,Artesano,Facebook,Entregado
3065,101,180,CDMX,2026-07-05,1,Débito,292.88,Artesano,Web,Enviado
3066,3,718,CDMX,2026-08-05,1,Débito,335.54,Marca IKAL,Facebook,Entregado
3067,48,147,Querétaro,2026-08-05,1,Débito,126.79,Artesano,Facebook,Entregado
3068,66,63,Puebla,2026-08-05,1,Crédito,700.75,Artesano,Instagram,Entregado
3069,86,417,Xicotepec de Juárez,2026-08-05,1,Crédito,704.88,Artesano,Instagram,Cancelado
3070,28,491,Monterrey,2026-08-05,1,Crédito,460.81,Marca IKAL,Instagram,En preparación
3071,36,117,CDMX,2026-09-05,1,Débito,853.51,Artesano,Web,Entregado
3072,21,295,Monterrey,2026-09-05,1,Débito,796.09,Marca IKAL,Web,Entregado
3073,108,528,Monterrey,2026-09-05,1,Crédito,322.45,Artesano,Facebook,Cancelado
3074,56,562,Monterrey,2026-05-09,1,Crédito,1256.29,Artesano,Instagram,Cancelado
3075,63,387,Toluca,2026-09-05,1,Crédito,491.36,Artesano,Web,Entregado
3076,98,719,Puebla,2026-09-05,1,Débito,151.34,Artesano,Web,Entregado
3077,98,40,CDMX,2026-09-05,1,Débito,151.34,Artesano,Web,Entregado
3078,98,145,Puebla,2026-10-05,1,Crédito,151.34,Artesano,Instagram,Entregado
3079,38,502,Monterrey,2026-10-05,2,Débito,572.02,Artesano,Instagram,Entregado
3080,126,766,Toluca,2026-10-05,1,Débito,530.44,Artesano,Instagram,Entregado
3081,52,156,Monterrey,2026-10-05,1,Crédito,645.53,Artesano,Web,Entregado
3082,143,266,Xicotepec de Juárez,2026-10-05,1,Crédito,1019.49,Artesano,Web,Enviado
3083,6,68,Toluca,2026-10-05,1,Crédito,240.8,Marca IKAL,Web,Entregado
3084,117,534,Guadalajara,2026-10-05,1,Débito,363.58,Artesano,Web,Entregado
3085,14,107,Querétaro,2026-10-05,2,Débito,1362.18,Marca IKAL,Web,Enviado
3086,19,652,Querétaro,2026-10-05,2,Débito,1876.96,Marca IKAL,Instagram,Entregado
3087,12,108,Querétaro,2026-11-05,1,Débito,1049.0,Marca IKAL,Web,En preparación
3088,120,512,CDMX,2026-11-05,1,Débito,800.11,Artesano,Facebook,En preparación
3089,150,543,Monterrey,2026-11-05,1,Crédito,340.35,Artesano,Facebook,Enviado
3090,99,664,Monterrey,2026-11-05,1,Crédito,562.15,Artesano,Web,Entregado
3091,61,409,Xicotepec de Juárez,2026-11-05,1,Crédito,1230.09,Artesano,Facebook,Entregado
3092,108,297,Guadalajara,2026-12-05,1,Crédito,322.45,Artesano,Facebook,En preparación
3093,58,246,Pantepec,2026-12-05,1,Crédito,214.83,Artesano,Web,Entregado
3094,61,651,Querétaro,2026-12-05,1,Débito,1230.09,Artesano,Web,Enviado
3095,75,72,CDMX,2026-12-05,1,Crédito,333.06,Artesano,Web,Entregado
3096,13,249,CDMX,2026-12-05,1,Crédito,249.47,Marca IKAL,Instagram,Entregado
3097,94,216,Puebla,2026-05-12,1,Crédito,348.79,Artesano,WhatsApp,Entregado
3098,88,520,Monterrey,2026-05-12,1,Crédito,866.06,Artesano,Instagram,Entregado
3099,49,430,Puebla,2026-12-05,1,Crédito,151.29,Artesano,Web,Entregado
3100,133,745,Xicotepec de Juárez,2026-05-13,1,Crédito,630.44,Artesano,WhatsApp,Cancelado
3101,98,152,Xicotepec de Juárez,2026-05-13,2,Crédito,302.68,Artesano,Web,Entregado
3102,145,331,CDMX,2026-05-13,1,Débito,312.51,Artesano,WhatsApp,Enviado
3103,47,266,Xicotepec de Juárez,2026-05-13,1,Crédito,673.74,Artesano,Instagram,Entregado
3104,147,514,CDMX,2026-05-13,1,Débito,273.39,Artesano,Web,Entregado
3105,84,528,Monterrey,2026-05-13,1,Crédito,176.32,Artesano,Facebook,Entregado
3106,134,180,CDMX,2026-05-13,1,Débito,256.55,Artesano,Instagram,Entregado
3107,64,239,Xicotepec de Juárez,2026-05-13,1,Débito,469.02,Artesano,Instagram,Entregado
3108,66,471,CDMX,2026-05-13,1,Crédito,700.75,Artesano,Web,Entregado
3109,106,764,Pantepec,2026-05-14,1,Crédito,211.88,Artesano,Facebook,Enviado
3110,10,367,Querétaro,2026-05-14,1,Crédito,979.72,Marca IKAL,Instagram,Entregado
3111,36,806,CDMX,2026-05-14,1,Débito,853.51,Artesano,Web,Entregado
3112,144,477,Puebla,2026-05-14,1,Débito,1152.21,Artesano,Instagram,Cancelado
3113,142,411,Puebla,2026-05-14,1,Crédito,788.62,Artesano,Facebook,Entregado
3114,122,517,Guadalajara,2026-05-14,2,Crédito,1301.08,Artesano,WhatsApp,Entregado
3115,85,203,Toluca,2026-05-14,1,Débito,648.37,Artesano,Facebook,Entregado
3116,15,715,Guadalajara,2026-05-14,1,Crédito,705.11,Marca IKAL,Instagram,Cancelado
3117,21,323,Puebla,2026-05-14,1,Débito,796.09,Marca IKAL,Web,Enviado
3118,58,570,Pantepec,2026-05-14,1,Débito,214.83,Artesano,Instagram,Entregado
3119,46,649,Guadalajara,2026-05-15,1,Crédito,374.08,Artesano,Web,Entregado
3120,62,543,Monterrey,2026-05-15,1,Débito,538.39,Artesano,Facebook,Entregado
3121,10,38,Monterrey,2026-05-15,1,Crédito,979.72,Marca IKAL,Facebook,Entregado
3122,122,390,CDMX,2026-05-15,2,Débito,1301.08,Artesano,Facebook,Entregado
3123,109,28,Guadalajara,2026-05-15,1,Débito,308.14,Artesano,Facebook,Entregado
3124,26,182,Monterrey,2026-05-15,2,Débito,410.78,Marca IKAL,Instagram,Entregado
3125,84,186,Querétaro,2026-05-16,1,Débito,176.32,Artesano,Web,Entregado
3126,88,75,CDMX,2026-05-16,2,Débito,1732.12,Artesano,Facebook,Cancelado
3127,142,253,Guadalajara,2026-05-16,1,Débito,788.62,Artesano,Web,Entregado
3128,74,546,Puebla,2026-05-16,1,Crédito,829.73,Artesano,Instagram,Entregado
3129,134,345,Toluca,2026-05-16,1,Crédito,256.55,Artesano,Web,Entregado
3130,12,317,Puebla,2026-05-16,1,Débito,1049.0,Marca IKAL,Facebook,Entregado
3131,22,580,CDMX,2026-05-16,1,Débito,920.64,Marca IKAL,Facebook,Entregado
3132,1,178,Guadalajara,2026-05-16,1,Crédito,331.73,Marca IKAL,WhatsApp,Cancelado
3133,41,148,Toluca,2026-05-17,1,Débito,309.61,Artesano,Instagram,Enviado
3134,25,535,Guadalajara,2026-05-17,1,Crédito,198.82,Marca IKAL,Web,Entregado
3135,3,528,Monterrey,2026-05-17,1,Débito,335.54,Marca IKAL,Instagram,Enviado
3136,60,348,Xicotepec de Juárez,2026-05-17,1,Crédito,1057.06,Artesano,Instagram,Entregado
3137,79,640,Toluca,2026-05-17,1,Crédito,440.88,Artesano,Web,Cancelado
3138,6,601,Guadalajara,2026-05-17,1,Débito,240.8,Marca IKAL,Web,Entregado
3139,76,41,Monterrey,2026-05-17,1,Crédito,208.38,Artesano,Instagram,Entregado
3140,56,207,Xicotepec de Juárez,2026-05-18,1,Débito,1256.29,Artesano,Facebook,Entregado
3141,3,85,Puebla,2026-05-18,1,Crédito,335.54,Marca IKAL,Web,Entregado
3142,12,760,Toluca,2026-05-18,1,Crédito,1049.0,Marca IKAL,Instagram,Cancelado
3143,64,66,Guadalajara,2026-05-18,1,Débito,469.02,Artesano,WhatsApp,Enviado
3144,28,41,Monterrey,2026-05-18,1,Débito,460.81,Marca IKAL,Web,Enviado
3145,133,202,Querétaro,2026-05-18,1,Débito,630.44,Artesano,Instagram,Entregado
3146,5,203,Toluca,2026-05-18,1,Crédito,294.72,Marca IKAL,Instagram,Entregado
3147,21,825,Puebla,2026-05-18,1,Débito,796.09,Marca IKAL,Facebook,Entregado
3148,69,158,CDMX,2026-05-18,1,Débito,875.74,Artesano,Web,Entregado
3149,56,840,CDMX,2026-05-18,1,Crédito,1256.29,Artesano,Web,Entregado
3150,6,638,CDMX,2026-05-18,1,Crédito,240.8,Marca IKAL,Facebook,Entregado
3151,64,399,Pantepec,2026-05-19,1,Crédito,469.02,Artesano,Web,Entregado
3152,145,767,Toluca,2026-05-19,1,Débito,312.51,Artesano,Instagram,Entregado
3153,145,311,Puebla,2026-05-19,1,Crédito,312.51,Artesano,Facebook,En preparación
3154,54,689,CDMX,2026-05-19,2,Crédito,1833.28,Artesano,Facebook,Cancelado
3155,110,822,Monterrey,2026-05-19,1,Débito,474.43,Artesano,Web,En preparación
3156,1,77,Xicotepec de Juárez,2026-05-19,1,Débito,331.73,Marca IKAL,Facebook,Entregado
3157,150,490,CDMX,2026-05-19,1,Crédito,340.35,Artesano,Instagram,Enviado
3158,85,416,Monterrey,2026-05-20,1,Crédito,648.37,Artesano,Web,Entregado
3159,137,581,CDMX,2026-05-20,1,Débito,293.88,Artesano,Instagram,Entregado
3160,4,145,Puebla,2026-05-20,1,Débito,1124.79,Marca IKAL,Facebook,Entregado
3161,6,756,Toluca,2026-05-20,1,Débito,240.8,Marca IKAL,Instagram,Entregado
3162,86,190,Puebla,2026-05-20,1,Débito,704.88,Artesano,Web,En preparación
3163,26,169,Puebla,2026-05-20,1,Crédito,205.39,Marca IKAL,Instagram,Entregado
3164,127,259,Xicotepec de Juárez,2026-05-20,1,Crédito,1093.1,Artesano,Instagram,Enviado
3165,59,840,CDMX,2026-05-20,2,Crédito,792.96,Artesano,Web,Entregado
3166,130,720,Monterrey,2026-05-21,1,Débito,918.68,Artesano,Web,Entregado
3167,122,601,Guadalajara,2026-05-21,1,Débito,650.54,Artesano,Facebook,Enviado
3168,65,814,Guadalajara,2026-05-21,1,Débito,636.72,Artesano,Web,Entregado
3169,124,152,Xicotepec de Juárez,2026-05-21,1,Débito,849.93,Artesano,Instagram,Enviado
3170,32,604,CDMX,2026-05-21,1,Crédito,364.03,Artesano,WhatsApp,Entregado
3171,66,164,Xicotepec de Juárez,2026-05-21,1,Débito,700.75,Artesano,Web,Entregado
3172,135,354,Querétaro,2026-05-21,1,Débito,366.54,Artesano,Web,Entregado
3173,88,755,Xicotepec de Juárez,2026-05-21,1,Crédito,866.06,Artesano,Facebook,En preparación
3174,100,398,Monterrey,2026-05-21,1,Débito,1013.83,Artesano,Instagram,Entregado
3175,7,648,Guadalajara,2026-05-21,1,Crédito,732.86,Marca IKAL,Instagram,Entregado
3176,40,273,CDMX,2026-05-21,1,Crédito,947.07,Artesano,WhatsApp,Entregado
3177,104,154,Pantepec,2026-05-22,1,Crédito,617.8,Artesano,WhatsApp,Entregado
3178,138,8,Xicotepec de Juárez,2026-05-22,1,Crédito,406.86,Artesano,Web,En preparación
3179,30,511,CDMX,2026-05-22,1,Débito,610.73,Marca IKAL,Web,Enviado
3180,11,166,Monterrey,2026-05-22,1,Débito,596.55,Marca IKAL,Web,Cancelado
3181,14,189,Puebla,2026-05-22,1,Crédito,681.09,Marca IKAL,Facebook,Entregado
3182,25,108,Querétaro,2026-05-22,1,Débito,198.82,Marca IKAL,WhatsApp,En preparación
3183,82,14,CDMX,2026-05-22,1,Crédito,170.22,Artesano,Web,Enviado
3184,136,371,Guadalajara,2026-05-22,1,Crédito,631.33,Artesano,Instagram,Entregado
3185,149,1,CDMX,2026-05-22,1,Crédito,339.62,Artesano,Instagram,Entregado
3186,137,387,Toluca,2026-05-23,1,Crédito,293.88,Artesano,Instagram,En preparación
3187,28,805,Toluca,2026-05-23,2,Débito,921.62,Marca IKAL,Instagram,En preparación
3188,14,88,Xicotepec de Juárez,2026-05-23,1,Crédito,681.09,Marca IKAL,Instagram,En preparación
3189,2,745,Xicotepec de Juárez,2026-05-23,1,Débito,1027.04,Marca IKAL,Web,En preparación
3190,143,566,Monterrey,2026-05-23,1,Crédito,1019.49,Artesano,Web,Entregado
3191,85,705,CDMX,2026-05-23,1,Débito,648.37,Artesano,Facebook,Enviado
3192,18,644,Puebla,2026-05-23,1,Crédito,150.45,Marca IKAL,WhatsApp,Entregado
3193,132,757,Monterrey,2026-05-23,1,Crédito,1213.96,Artesano,Instagram,Entregado
3194,79,356,CDMX,2026-05-23,2,Débito,881.76,Artesano,Web,Entregado
3195,37,217,Xicotepec de Juárez,2026-05-23,1,Crédito,366.58,Artesano,Facebook,Entregado
3196,31,681,Xicotepec de Juárez,2026-05-23,1,Crédito,301.84,Artesano,Instagram,Entregado
3197,129,819,Toluca,2026-05-24,1,Débito,842.96,Artesano,Web,Entregado
3198,40,741,CDMX,2026-05-24,1,Débito,947.07,Artesano,Instagram,Entregado
3199,142,168,Monterrey,2026-05-24,2,Crédito,1577.24,Artesano,Facebook,Entregado
3200,139,607,Monterrey,2026-05-24,1,Débito,746.07,Artesano,Instagram,Entregado
3201,82,498,Puebla,2026-05-24,1,Crédito,170.22,Artesano,Instagram,Entregado
3202,70,380,Guadalajara,2026-05-24,2,Débito,1452.54,Artesano,Instagram,Entregado
3203,23,249,CDMX,2026-05-24,1,Débito,1049.71,Marca IKAL,Facebook,Enviado
3204,42,279,Guadalajara,2026-05-24,1,Crédito,855.52,Artesano,Web,Entregado
3205,26,533,Guadalajara,2026-05-24,1,Débito,205.39,Marca IKAL,Web,En preparación
3206,115,555,CDMX,2026-05-24,1,Débito,191.4,Artesano,Facebook,Entregado
3207,30,374,Pantepec,2026-05-25,1,Crédito,610.73,Marca IKAL,Facebook,Cancelado
3208,12,346,Guadalajara,2026-05-25,1,Crédito,1049.0,Marca IKAL,Facebook,Entregado
3209,4,7,Monterrey,2026-05-25,1,Crédito,1124.79,Marca IKAL,Instagram,En preparación
3210,141,359,Xicotepec de Juárez,2026-05-25,2,Débito,457.94,Artesano,Web,Entregado
3211,27,155,Guadalajara,2026-05-25,2,Crédito,814.84,Marca IKAL,WhatsApp,Entregado
3212,95,301,Pantepec,2026-05-25,1,Crédito,865.46,Artesano,Instagram,Entregado
3213,76,72,CDMX,2026-05-25,1,Débito,208.38,Artesano,Web,Entregado
3214,2,751,Puebla,2026-05-26,1,Débito,1027.04,Marca IKAL,Instagram,Cancelado
3215,108,781,Guadalajara,2026-05-26,1,Débito,322.45,Artesano,Facebook,Entregado
3216,12,229,Toluca,2026-05-26,1,Débito,1049.0,Marca IKAL,Instagram,Entregado
3217,2,460,Monterrey,2026-05-26,2,Débito,2054.08,Marca IKAL,Instagram,Cancelado
3218,8,802,Pantepec,2026-05-26,1,Crédito,613.15,Marca IKAL,Web,Cancelado
3219,123,477,Puebla,2026-05-26,1,Crédito,250.94,Artesano,Facebook,Entregado
3220,6,288,Querétaro,2026-05-26,1,Débito,240.8,Marca IKAL,Web,Cancelado
3221,32,697,CDMX,2026-05-26,1,Crédito,364.03,Artesano,WhatsApp,Cancelado
3222,55,603,Guadalajara,2026-05-26,1,Débito,1390.99,Artesano,WhatsApp,Entregado
3223,35,76,CDMX,2026-05-26,1,Débito,247.08,Artesano,Web,Cancelado
3224,33,100,Toluca,2026-05-26,1,Crédito,137.5,Artesano,Web,En preparación
3225,59,44,Monterrey,2026-05-26,1,Crédito,396.48,Artesano,Web,En preparación
3226,124,824,Puebla,2026-05-26,1,Crédito,849.93,Artesano,Facebook,Entregado
3227,79,80,Monterrey,2026-05-27,1,Débito,440.88,Artesano,Facebook,Entregado
3228,20,676,Monterrey,2026-05-27,1,Débito,1250.45,Marca IKAL,Web,Entregado
3229,24,695,Puebla,2026-05-27,1,Crédito,276.07,Marca IKAL,Instagram,Enviado
3230,70,231,Xicotepec de Juárez,2026-05-27,1,Crédito,726.27,Artesano,Web,Entregado
3231,131,84,Querétaro,2026-05-27,1,Débito,260.57,Artesano,Web,Cancelado
3232,45,633,Toluca,2026-05-27,1,Débito,276.8,Artesano,WhatsApp,Entregado
3233,115,245,Toluca,2026-05-27,1,Débito,191.4,Artesano,Web,Enviado
3234,3,277,Guadalajara,2026-05-27,1,Débito,335.54,Marca IKAL,Web,Entregado
3235,3,117,CDMX,2026-05-27,1,Crédito,335.54,Marca IKAL,Facebook,Entregado
3236,120,16,Pantepec,2026-05-27,1,Débito,800.11,Artesano,Instagram,Entregado
3237,18,657,Querétaro,2026-05-28,1,Crédito,150.45,Marca IKAL,Web,Enviado
3238,106,86,Xicotepec de Juárez,2026-05-28,1,Débito,211.88,Artesano,Instagram,Entregado
3239,27,270,Toluca,2026-05-28,1,Crédito,407.42,Marca IKAL,WhatsApp,Entregado
3240,7,434,Monterrey,2026-05-28,1,Crédito,732.86,Marca IKAL,Web,Entregado
3241,33,211,Guadalajara,2026-05-29,1,Crédito,137.5,Artesano,Facebook,Entregado
3242,52,804,Pantepec,2026-05-29,1,Crédito,645.53,Artesano,Instagram,Entregado
3243,29,122,Puebla,2026-05-29,1,Débito,875.71,Marca IKAL,Instagram,Entregado
3244,147,785,Pantepec,2026-05-29,1,Débito,273.39,Artesano,Web,Entregado
3245,131,261,Monterrey,2026-05-29,1,Crédito,260.57,Artesano,Web,Entregado
3246,50,602,Monterrey,2026-05-29,1,Crédito,371.71,Artesano,Instagram,Entregado
3247,34,226,Guadalajara,2026-05-29,2,Débito,2325.3,Artesano,Web,Entregado
3248,51,239,Xicotepec de Juárez,2026-05-29,1,Débito,136.01,Artesano,Web,En preparación
3249,18,717,CDMX,2026-05-29,1,Débito,150.45,Marca IKAL,WhatsApp,Entregado
3250,95,331,CDMX,2026-05-29,1,Débito,865.46,Artesano,Instagram,Entregado
3251,107,471,CDMX,2026-05-29,1,Crédito,266.61,Artesano,Facebook,Entregado
3252,136,842,Toluca,2026-05-29,1,Débito,631.33,Artesano,Web,Entregado
3253,95,739,CDMX,2026-05-29,1,Crédito,865.46,Artesano,WhatsApp,Entregado
3254,46,412,Xicotepec de Juárez,2026-05-30,1,Débito,374.08,Artesano,Web,Cancelado
3255,71,555,CDMX,2026-05-30,1,Crédito,322.99,Artesano,WhatsApp,Entregado
3256,19,251,Monterrey,2026-05-30,1,Débito,938.48,Marca IKAL,Web,Entregado
3257,81,813,Pantepec,2026-05-30,1,Débito,238.25,Artesano,WhatsApp,Entregado
3258,140,456,Puebla,2026-05-30,1,Débito,1069.46,Artesano,Facebook,Entregado
3259,91,84,Querétaro,2026-05-30,2,Débito,1486.02,Artesano,Instagram,Entregado
3260,41,161,Puebla,2026-05-30,2,Crédito,619.22,Artesano,Facebook,Enviado
3261,58,638,CDMX,2026-05-30,1,Débito,214.83,Artesano,Instagram,Enviado
3262,36,847,CDMX,2026-05-30,1,Débito,853.51,Artesano,Facebook,Entregado
3263,88,636,Xicotepec de Juárez,2026-05-30,1,Débito,866.06,Artesano,Instagram,En preparación
3264,7,12,Puebla,2026-05-30,1,Débito,732.86,Marca IKAL,Facebook,Entregado
3265,4,770,Toluca,2026-05-30,1,Débito,1124.79,Marca IKAL,Instagram,Entregado
3266,67,163,Monterrey,2026-05-31,2,Crédito,1873.32,Artesano,Web,Entregado
3267,58,157,CDMX,2026-05-31,1,Débito,214.83,Artesano,WhatsApp,Entregado
3268,30,629,Querétaro,2026-05-31,2,Crédito,1221.46,Marca IKAL,Facebook,Enviado
3269,26,121,Pantepec,2026-05-31,1,Débito,205.39,Marca IKAL,WhatsApp,Enviado
3270,78,276,Xicotepec de Juárez,2026-05-31,2,Crédito,2054.46,Artesano,Facebook,Entregado
3271,50,93,Puebla,2026-05-31,1,Crédito,371.71,Artesano,Instagram,En preparación
3272,120,454,Guadalajara,2026-01-06,1,Débito,800.11,Artesano,Instagram,Entregado
3273,102,682,Querétaro,2026-01-06,1,Crédito,813.91,Artesano,Web,Entregado
3274,50,826,Puebla,2026-01-06,1,Débito,371.71,Artesano,Facebook,Entregado
3275,71,720,Monterrey,2026-01-06,1,Débito,322.99,Artesano,Instagram,Entregado
3276,124,300,Puebla,2026-02-06,2,Débito,1699.86,Artesano,Facebook,Entregado
3277,75,274,Guadalajara,2026-02-06,1,Crédito,333.06,Artesano,Facebook,Entregado
3278,84,38,Monterrey,2026-02-06,1,Débito,176.32,Artesano,Web,En preparación
3279,4,582,CDMX,2026-03-06,1,Débito,1124.79,Marca IKAL,Instagram,Entregado
3280,3,329,Pantepec,2026-03-06,1,Crédito,335.54,Marca IKAL,Instagram,Entregado
3281,18,706,Monterrey,2026-03-06,1,Crédito,150.45,Marca IKAL,WhatsApp,Entregado
3282,92,437,Toluca,2026-03-06,1,Crédito,548.16,Artesano,Web,Entregado
3283,2,319,Querétaro,2026-03-06,1,Débito,1027.04,Marca IKAL,Web,Entregado
3284,80,836,Toluca,2026-03-06,1,Crédito,1215.13,Artesano,Web,Entregado
3285,120,844,Monterrey,2026-03-06,1,Crédito,800.11,Artesano,Web,Entregado
3286,2,343,CDMX,2026-06-03,1,Crédito,1027.04,Marca IKAL,Web,Enviado
3287,61,555,CDMX,2026-04-06,1,Débito,1230.09,Artesano,Web,Cancelado
3288,43,408,CDMX,2026-04-06,1,Crédito,702.13,Artesano,Instagram,Enviado
3289,36,258,Xicotepec de Juárez,2026-04-06,1,Débito,853.51,Artesano,Instagram,En preparación
3290,136,164,Xicotepec de Juárez,2026-04-06,2,Crédito,1262.66,Artesano,Facebook,Entregado
3291,19,526,Xicotepec de Juárez,2026-05-06,1,Crédito,938.48,Marca IKAL,Facebook,Entregado
3292,34,711,CDMX,2026-05-06,2,Crédito,2325.3,Artesano,Web,En preparación
3293,139,82,Guadalajara,2026-05-06,1,Débito,746.07,Artesano,Facebook,Entregado
3294,21,507,Querétaro,2026-05-06,1,Débito,796.09,Marca IKAL,WhatsApp,Enviado
3295,132,143,Toluca,2026-05-06,1,Crédito,1213.96,Artesano,Facebook,Entregado
3296,47,91,CDMX,2026-06-06,1,Débito,673.74,Artesano,Web,Entregado
3297,4,184,Guadalajara,2026-06-06,1,Crédito,1124.79,Marca IKAL,Instagram,Entregado
3298,30,488,Toluca,2026-06-06,1,Débito,610.73,Marca IKAL,Web,Entregado
3299,38,258,Xicotepec de Juárez,2026-06-06,1,Débito,286.01,Artesano,Instagram,Entregado
3300,84,543,Monterrey,2026-06-06,1,Débito,176.32,Artesano,Facebook,Enviado
3301,9,782,Puebla,2026-07-06,2,Débito,1885.8,Marca IKAL,Web,Entregado
3302,24,15,CDMX,2026-07-06,1,Crédito,276.07,Marca IKAL,Web,Entregado
3303,25,312,Querétaro,2026-07-06,1,Débito,198.82,Marca IKAL,Facebook,Cancelado
3304,52,282,Puebla,2026-07-06,1,Crédito,645.53,Artesano,Web,Entregado
3305,48,56,Querétaro,2026-07-06,1,Débito,126.79,Artesano,Instagram,Cancelado
3306,137,781,Guadalajara,2026-06-07,2,Débito,587.76,Artesano,WhatsApp,Entregado
3307,46,351,Querétaro,2026-07-06,1,Débito,374.08,Artesano,Instagram,Entregado
3308,24,631,Querétaro,2026-08-06,1,Crédito,276.07,Marca IKAL,Facebook,Entregado
3309,64,246,Pantepec,2026-10-06,1,Crédito,469.02,Artesano,Web,Entregado
3310,28,370,Xicotepec de Juárez,2026-10-06,1,Débito,460.81,Marca IKAL,Instagram,Enviado
3311,15,228,Guadalajara,2026-10-06,1,Débito,705.11,Marca IKAL,Web,Enviado
3312,93,670,CDMX,2026-10-06,1,Crédito,944.22,Artesano,Facebook,Entregado
3313,139,367,Querétaro,2026-10-06,1,Crédito,746.07,Artesano,Instagram,En preparación
3314,41,802,Pantepec,2026-11-06,1,Crédito,309.61,Artesano,Web,Enviado
3315,76,623,Pantepec,2026-11-06,1,Débito,208.38,Artesano,Facebook,Entregado
3316,17,484,Monterrey,2026-12-06,1,Crédito,136.2,Marca IKAL,Instagram,Entregado
3317,17,519,Monterrey,2026-12-06,1,Débito,136.2,Marca IKAL,Facebook,Entregado
3318,148,461,Pantepec,2026-12-06,1,Débito,228.17,Artesano,Web,Entregado
3319,139,151,CDMX,2026-06-13,1,Débito,746.07,Artesano,Facebook,Entregado
3320,128,419,Guadalajara,2026-06-13,1,Débito,1349.46,Artesano,Instagram,Enviado
3321,52,389,Guadalajara,2026-06-13,1,Débito,645.53,Artesano,Web,Entregado
3322,120,427,CDMX,2026-06-13,1,Crédito,800.11,Artesano,Web,Entregado
3323,134,88,Xicotepec de Juárez,2026-06-13,1,Crédito,256.55,Artesano,Web,Entregado
3324,17,810,Monterrey,2026-06-13,1,Crédito,136.2,Marca IKAL,WhatsApp,Entregado
3325,54,803,Toluca,2026-06-13,1,Crédito,916.64,Artesano,Instagram,Entregado
3326,37,530,Xicotepec de Juárez,2026-06-13,1,Crédito,366.58,Artesano,Instagram,Cancelado
3327,145,858,Monterrey,2026-06-14,2,Crédito,625.02,Artesano,Instagram,Entregado
3328,23,406,Pantepec,2026-06-15,2,Débito,2099.42,Marca IKAL,Instagram,Entregado
3329,125,858,Monterrey,2026-06-15,1,Débito,384.12,Artesano,Web,Entregado
3330,122,543,Monterrey,2026-06-15,1,Débito,650.54,Artesano,WhatsApp,Entregado
3331,19,92,Xicotepec de Juárez,2026-06-15,1,Débito,938.48,Marca IKAL,Facebook,En preparación
3332,79,123,Querétaro,2026-06-16,1,Débito,440.88,Artesano,Web,Entregado
3333,84,861,Puebla,2026-06-16,1,Débito,176.32,Artesano,Facebook,Entregado
3334,97,483,Toluca,2026-06-16,2,Crédito,1663.52,Artesano,Web,Entregado
3335,17,669,Pantepec,2026-06-16,2,Crédito,272.4,Marca IKAL,Web,Entregado
3336,55,190,Puebla,2026-06-17,1,Débito,1390.99,Artesano,Instagram,Entregado
3337,145,356,CDMX,2026-06-17,1,Crédito,312.51,Artesano,Instagram,Entregado
3338,20,158,CDMX,2026-06-17,2,Débito,2500.9,Marca IKAL,Facebook,Entregado
3339,122,540,CDMX,2026-06-18,1,Débito,650.54,Artesano,Instagram,Enviado
3340,19,56,Querétaro,2026-06-18,1,Crédito,938.48,Marca IKAL,Web,En preparación
3341,18,843,Querétaro,2026-06-18,1,Crédito,150.45,Marca IKAL,Web,Entregado
3342,31,523,Monterrey,2026-06-19,1,Débito,301.84,Artesano,Web,Entregado
3343,5,865,CDMX,2026-06-19,2,Débito,589.44,Marca IKAL,Web,Entregado
3344,121,93,Puebla,2026-06-19,1,Crédito,399.39,Artesano,WhatsApp,Enviado
3345,25,357,CDMX,2026-06-19,1,Débito,198.82,Marca IKAL,Web,Entregado
3346,96,333,CDMX,2026-06-19,1,Débito,309.43,Artesano,Web,Enviado
3347,139,76,CDMX,2026-06-19,1,Débito,746.07,Artesano,Instagram,Entregado
3348,24,363,CDMX,2026-06-19,1,Crédito,276.07,Marca IKAL,Web,Entregado
3349,11,689,CDMX,2026-06-19,1,Crédito,596.55,Marca IKAL,Web,Entregado
3350,140,658,Puebla,2026-06-19,1,Crédito,1069.46,Artesano,Web,Entregado
3351,79,537,Puebla,2026-06-20,2,Crédito,881.76,Artesano,Web,Entregado
3352,8,49,Guadalajara,2026-06-20,1,Débito,613.15,Marca IKAL,Facebook,Entregado
3353,125,644,Puebla,2026-06-20,1,Débito,384.12,Artesano,Web,Entregado
3354,126,756,Toluca,2026-06-21,1,Crédito,530.44,Artesano,Facebook,Entregado
3355,78,843,Querétaro,2026-06-21,1,Crédito,1027.23,Artesano,Web,En preparación
3356,30,479,CDMX,2026-06-21,1,Crédito,610.73,Marca IKAL,Facebook,En preparación
3357,95,463,Monterrey,2026-06-21,1,Crédito,865.46,Artesano,Facebook,Entregado
3358,133,687,Guadalajara,2026-06-21,1,Débito,630.44,Artesano,Web,Enviado
3359,1,176,Guadalajara,2026-06-22,1,Crédito,331.73,Marca IKAL,Instagram,Entregado
3360,56,118,Monterrey,2026-06-22,1,Crédito,1256.29,Artesano,Web,Entregado
3361,29,344,Guadalajara,2026-06-22,1,Crédito,875.71,Marca IKAL,Facebook,Entregado
3362,24,370,Xicotepec de Juárez,2026-06-22,1,Crédito,276.07,Marca IKAL,WhatsApp,Entregado
3363,20,116,Monterrey,2026-06-22,1,Débito,1250.45,Marca IKAL,Facebook,Entregado
3364,59,292,Toluca,2026-06-22,2,Crédito,792.96,Artesano,Instagram,Entregado
3365,21,828,Querétaro,2026-06-22,1,Crédito,796.09,Marca IKAL,Instagram,Entregado
3366,37,432,Puebla,2026-06-22,1,Crédito,366.58,Artesano,Instagram,Entregado
3367,83,211,Guadalajara,2026-06-23,1,Débito,284.51,Artesano,Web,Entregado
3368,94,874,Querétaro,2026-06-23,2,Crédito,697.58,Artesano,Instagram,Entregado
3369,15,539,Guadalajara,2026-06-23,1,Débito,705.11,Marca IKAL,Instagram,Entregado
3370,91,713,Monterrey,2026-06-23,1,Crédito,743.01,Artesano,Web,En preparación
3371,14,476,CDMX,2026-06-23,1,Débito,681.09,Marca IKAL,Web,Entregado
3372,143,408,CDMX,2026-06-24,1,Crédito,1019.49,Artesano,Web,En preparación
3373,137,559,Querétaro,2026-06-24,1,Crédito,293.88,Artesano,Instagram,Entregado
3374,9,525,Guadalajara,2026-06-24,2,Crédito,1885.8,Marca IKAL,Facebook,Entregado
3375,123,527,Guadalajara,2026-06-24,2,Débito,501.88,Artesano,Instagram,Entregado
3376,60,135,Querétaro,2026-06-24,1,Débito,1057.06,Artesano,Facebook,Enviado
3377,50,55,Guadalajara,2026-06-25,2,Crédito,743.42,Artesano,Web,En preparación
3378,89,263,Querétaro,2026-06-25,1,Débito,1293.32,Artesano,Instagram,Entregado
3379,76,575,Xicotepec de Juárez,2026-06-25,1,Crédito,208.38,Artesano,Facebook,Enviado
3380,11,876,Xicotepec de Juárez,2026-06-25,1,Crédito,596.55,Marca IKAL,Facebook,Entregado
3381,38,866,CDMX,2026-06-25,1,Débito,286.01,Artesano,Facebook,Entregado
3382,24,300,Puebla,2026-06-25,1,Crédito,276.07,Marca IKAL,WhatsApp,Entregado
3383,34,30,Querétaro,2026-06-26,1,Crédito,1162.65,Artesano,Web,Entregado
3384,125,765,Pantepec,2026-06-26,1,Débito,384.12,Artesano,Web,Entregado
3385,1,676,Monterrey,2026-06-26,1,Débito,331.73,Marca IKAL,Web,Cancelado
3386,103,263,Querétaro,2026-06-26,1,Débito,705.17,Artesano,Instagram,Cancelado
3387,98,51,Guadalajara,2026-06-26,2,Crédito,302.68,Artesano,Instagram,Entregado
3388,109,854,Monterrey,2026-06-26,1,Débito,308.14,Artesano,Instagram,Entregado
3389,46,401,Monterrey,2026-06-26,1,Crédito,374.08,Artesano,Facebook,En preparación
3390,10,522,Guadalajara,2026-06-27,1,Crédito,979.72,Marca IKAL,Web,Enviado
3391,75,587,Guadalajara,2026-06-27,1,Crédito,333.06,Artesano,Web,Enviado
3392,106,802,Pantepec,2026-06-27,1,Débito,211.88,Artesano,Instagram,Entregado
3393,1,179,Xicotepec de Juárez,2026-06-27,1,Crédito,331.73,Marca IKAL,WhatsApp,Entregado
3394,3,372,Xicotepec de Juárez,2026-06-28,1,Débito,335.54,Marca IKAL,Instagram,Enviado
3395,149,525,Guadalajara,2026-06-28,1,Crédito,339.62,Artesano,Instagram,Entregado
3396,4,407,Puebla,2026-06-28,1,Crédito,1124.79,Marca IKAL,Facebook,En preparación
3397,97,872,Monterrey,2026-06-28,1,Débito,831.76,Artesano,Facebook,Entregado
3398,103,867,CDMX,2026-06-28,1,Débito,705.17,Artesano,Facebook,Entregado
3399,81,188,CDMX,2026-06-29,1,Débito,238.25,Artesano,Instagram,En preparación
3400,82,282,Puebla,2026-06-29,1,Débito,170.22,Artesano,Web,Entregado
3401,19,249,CDMX,2026-06-29,1,Débito,938.48,Marca IKAL,Facebook,Entregado
3402,58,300,Puebla,2026-06-29,1,Crédito,214.83,Artesano,Instagram,Entregado
3403,143,352,Querétaro,2026-06-30,1,Débito,1019.49,Artesano,Instagram,En preparación
3404,128,19,Xicotepec de Juárez,2026-06-30,2,Crédito,2698.92,Artesano,Instagram,En preparación
3405,5,521,Guadalajara,2026-06-30,1,Crédito,294.72,Marca IKAL,Web,Entregado
3406,15,113,Toluca,2026-06-30,1,Débito,705.11,Marca IKAL,Web,Entregado
3407,46,637,Guadalajara,2026-06-30,1,Débito,374.08,Artesano,Web,Enviado
3408,1,108,Querétaro,2026-01-07,1,Débito,331.73,Marca IKAL,Web,Entregado
3409,101,678,Toluca,2026-01-07,1,Débito,292.88,Artesano,WhatsApp,Entregado
3410,87,94,Querétaro,2026-01-07,1,Débito,1332.79,Artesano,Facebook,Entregado
3411,150,455,CDMX,2026-01-07,2,Débito,680.7,Artesano,Web,Entregado
3412,147,184,Guadalajara,2026-01-07,1,Débito,273.39,Artesano,Facebook,Cancelado
3413,20,104,Puebla,2026-01-07,1,Crédito,1250.45,Marca IKAL,Web,En preparación
3414,59,551,Pantepec,2026-02-07,1,Crédito,396.48,Artesano,WhatsApp,Entregado
3415,21,598,Puebla,2026-02-07,1,Crédito,796.09,Marca IKAL,Facebook,Entregado
3416,4,701,CDMX,2026-07-03,1,Crédito,1124.79,Marca IKAL,Web,Entregado
3417,24,217,Xicotepec de Juárez,2026-03-07,2,Débito,552.14,Marca IKAL,WhatsApp,Entregado
3418,80,706,Monterrey,2026-03-07,1,Crédito,1215.13,Artesano,Facebook,Entregado
3419,33,770,Toluca,2026-03-07,1,Débito,137.5,Artesano,Instagram,Entregado
3420,9,420,CDMX,2026-03-07,1,Débito,942.9,Marca IKAL,Web,Entregado
3421,149,636,Xicotepec de Juárez,2026-03-07,1,Crédito,339.62,Artesano,Instagram,Entregado
3422,136,112,Querétaro,2026-04-07,1,Débito,631.33,Artesano,Web,Entregado
3423,61,149,CDMX,2026-05-07,1,Débito,1230.09,Artesano,Facebook,Entregado
3424,58,38,Monterrey,2026-05-07,1,Crédito,214.83,Artesano,Web,Enviado
3425,58,62,Toluca,2026-05-07,1,Crédito,214.83,Artesano,Web,Entregado
3426,18,511,CDMX,2026-05-07,2,Crédito,300.9,Marca IKAL,Instagram,Entregado
3427,33,512,CDMX,2026-05-07,1,Crédito,137.5,Artesano,Facebook,Entregado
3428,7,544,Xicotepec de Juárez,2026-05-07,2,Crédito,1465.72,Marca IKAL,Web,Entregado
3429,85,179,Xicotepec de Juárez,2026-05-07,2,Débito,1296.74,Artesano,Web,Entregado
3430,19,538,Puebla,2026-05-07,1,Crédito,938.48,Marca IKAL,Web,Entregado
3431,146,851,Puebla,2026-06-07,1,Débito,299.41,Artesano,Facebook,Cancelado
3432,89,362,Querétaro,2026-06-07,1,Crédito,1293.32,Artesano,Facebook,Enviado
3433,103,824,Puebla,2026-06-07,1,Crédito,705.17,Artesano,Web,Entregado
3434,150,869,Monterrey,2026-07-07,1,Crédito,340.35,Artesano,Facebook,Entregado
3435,22,737,Pantepec,2026-07-07,1,Débito,920.64,Marca IKAL,Web,Enviado
3436,105,225,Querétaro,2026-07-07,1,Débito,600.84,Artesano,Web,Entregado
3437,87,828,Querétaro,2026-07-07,1,Crédito,1332.79,Artesano,Facebook,Entregado
3438,23,204,CDMX,2026-07-07,1,Crédito,1049.71,Marca IKAL,Instagram,Entregado
3439,9,157,CDMX,2026-07-07,1,Débito,942.9,Marca IKAL,Instagram,Entregado
3440,87,652,Querétaro,2026-07-07,1,Débito,1332.79,Artesano,Instagram,Cancelado
3441,96,241,CDMX,2026-07-07,1,Débito,309.43,Artesano,Instagram,Entregado
3442,3,784,CDMX,2026-08-07,1,Crédito,335.54,Marca IKAL,Web,Entregado
3443,8,400,Xicotepec de Juárez,2026-08-07,1,Crédito,613.15,Marca IKAL,Web,Entregado
3444,45,425,CDMX,2026-08-07,1,Crédito,276.8,Artesano,Web,Entregado
3445,97,848,Monterrey,2026-08-07,1,Débito,831.76,Artesano,Web,Entregado
3446,141,432,Puebla,2026-08-07,1,Crédito,228.97,Artesano,WhatsApp,Entregado
3447,94,838,Guadalajara,2026-07-08,2,Débito,697.58,Artesano,Facebook,Entregado
3448,12,605,Pantepec,2026-09-07,1,Débito,1049.0,Marca IKAL,Web,Cancelado
3449,100,365,Puebla,2026-09-07,1,Débito,1013.83,Artesano,Web,Entregado
3450,11,801,Pantepec,2026-09-07,1,Crédito,596.55,Marca IKAL,WhatsApp,En preparación
3451,127,869,Monterrey,2026-09-07,1,Débito,1093.1,Artesano,WhatsApp,Enviado
3452,79,840,CDMX,2026-09-07,2,Débito,881.76,Artesano,Instagram,Enviado
3453,129,56,Querétaro,2026-09-07,1,Débito,842.96,Artesano,Web,Enviado
3454,7,137,CDMX,2026-10-07,1,Débito,732.86,Marca IKAL,Instagram,Entregado
3455,41,427,CDMX,2026-10-07,1,Crédito,309.61,Artesano,Web,Cancelado
3456,17,118,Monterrey,2026-10-07,1,Débito,136.2,Marca IKAL,Web,Entregado
3457,141,801,Pantepec,2026-10-07,1,Débito,228.97,Artesano,WhatsApp,Entregado
3458,4,652,Querétaro,2026-10-07,2,Débito,2249.58,Marca IKAL,Web,Enviado
3459,74,364,Toluca,2026-10-07,1,Débito,829.73,Artesano,Web,Entregado
3460,89,585,Guadalajara,2026-10-07,1,Crédito,1293.32,Artesano,WhatsApp,Entregado
3461,7,381,Xicotepec de Juárez,2026-11-07,1,Débito,732.86,Marca IKAL,Web,Entregado
3462,9,760,Toluca,2026-11-07,1,Débito,942.9,Marca IKAL,Instagram,En preparación
3463,117,512,CDMX,2026-11-07,1,Débito,363.58,Artesano,Web,Entregado
3464,70,648,Guadalajara,2026-11-07,1,Crédito,726.27,Artesano,Web,Entregado
3465,38,199,Monterrey,2026-11-07,1,Débito,286.01,Artesano,Instagram,Entregado
3466,50,804,Pantepec,2026-11-07,2,Crédito,743.42,Artesano,Facebook,Entregado
3467,48,73,Querétaro,2026-12-07,1,Crédito,126.79,Artesano,Facebook,Entregado
3468,65,407,Puebla,2026-12-07,1,Crédito,636.72,Artesano,Web,Entregado
3469,78,173,Querétaro,2026-07-12,1,Débito,1027.23,Artesano,Web,Entregado
3470,5,665,CDMX,2026-07-13,1,Crédito,294.72,Marca IKAL,Instagram,Enviado
3471,58,281,Toluca,2026-07-13,2,Crédito,429.66,Artesano,Facebook,Enviado
3472,2,606,Puebla,2026-07-13,1,Crédito,1027.04,Marca IKAL,WhatsApp,En preparación
3473,2,320,Monterrey,2026-07-13,1,Crédito,1027.04,Marca IKAL,Facebook,Entregado
3474,1,87,CDMX,2026-07-13,1,Crédito,331.73,Marca IKAL,Web,Enviado
3475,91,241,CDMX,2026-07-13,1,Crédito,743.01,Artesano,Web,Entregado
3476,70,730,Guadalajara,2026-07-13,1,Débito,726.27,Artesano,Web,Entregado
3477,142,463,Monterrey,2026-07-13,1,Crédito,788.62,Artesano,Web,Entregado
3478,36,372,Xicotepec de Juárez,2026-07-14,1,Débito,853.51,Artesano,Instagram,Cancelado
3479,1,32,Guadalajara,2026-07-14,1,Débito,331.73,Marca IKAL,Facebook,Entregado
3480,6,812,CDMX,2026-07-15,2,Crédito,481.6,Marca IKAL,Web,Entregado
3481,23,132,Puebla,2026-07-15,1,Débito,1049.71,Marca IKAL,Instagram,Entregado
3482,19,529,Pantepec,2026-07-15,1,Crédito,938.48,Marca IKAL,WhatsApp,Entregado
3483,76,386,Querétaro,2026-07-15,1,Débito,208.38,Artesano,Web,Entregado
3484,12,585,Guadalajara,2026-07-15,1,Débito,1049.0,Marca IKAL,Instagram,Entregado
3485,135,223,Puebla,2026-07-15,1,Crédito,366.54,Artesano,Web,Enviado
3486,52,594,Pantepec,2026-07-16,1,Crédito,645.53,Artesano,Facebook,Entregado
3487,143,147,Querétaro,2026-07-16,2,Débito,2038.98,Artesano,Instagram,Entregado
3488,141,34,Puebla,2026-07-16,1,Débito,228.97,Artesano,Facebook,Entregado
3489,34,650,CDMX,2026-07-16,1,Débito,1162.65,Artesano,Instagram,Entregado
3490,72,445,Xicotepec de Juárez,2026-07-16,1,Crédito,341.63,Artesano,Instagram,Entregado
3491,59,629,Querétaro,2026-07-16,1,Crédito,396.48,Artesano,Web,Entregado
3492,56,764,Pantepec,2026-07-17,1,Débito,1256.29,Artesano,Instagram,Entregado
3493,110,576,Toluca,2026-07-17,1,Crédito,474.43,Artesano,Web,Entregado
3494,102,784,CDMX,2026-07-17,1,Crédito,813.91,Artesano,Instagram,Entregado
3495,33,3,CDMX,2026-07-17,1,Débito,137.5,Artesano,Facebook,Entregado
3496,131,554,Guadalajara,2026-07-17,1,Débito,260.57,Artesano,Web,Entregado
3497,149,467,Querétaro,2026-07-18,1,Débito,339.62,Artesano,Facebook,Entregado
3498,20,891,Xicotepec de Juárez,2026-07-18,1,Crédito,1250.45,Marca IKAL,Instagram,Entregado
3499,12,726,Xicotepec de Juárez,2026-07-18,1,Débito,1049.0,Marca IKAL,Web,Entregado
3500,87,784,CDMX,2026-07-18,2,Débito,2665.58,Artesano,WhatsApp,Enviado
3501,96,236,Querétaro,2026-07-19,1,Crédito,309.43,Artesano,Web,Entregado
3502,78,125,Toluca,2026-07-19,1,Débito,1027.23,Artesano,Facebook,Entregado
3503,24,796,Querétaro,2026-07-19,1,Crédito,276.07,Marca IKAL,Web,Entregado
3504,25,593,CDMX,2026-07-20,1,Débito,198.82,Marca IKAL,Facebook,Entregado
3505,3,724,Xicotepec de Juárez,2026-07-21,1,Débito,335.54,Marca IKAL,WhatsApp,Entregado
3506,13,349,Guadalajara,2026-07-21,2,Crédito,498.94,Marca IKAL,Instagram,Entregado
3507,38,409,Xicotepec de Juárez,2026-07-21,1,Débito,286.01,Artesano,Instagram,Entregado
3508,58,700,Toluca,2026-07-21,1,Débito,214.83,Artesano,Web,Entregado
3509,86,525,Guadalajara,2026-07-21,1,Crédito,704.88,Artesano,Facebook,Entregado
3510,24,276,Xicotepec de Juárez,2026-07-21,1,Débito,276.07,Marca IKAL,WhatsApp,Entregado
3511,129,546,Puebla,2026-07-22,1,Débito,842.96,Artesano,Web,Enviado
3512,107,675,Toluca,2026-07-22,2,Crédito,533.22,Artesano,Instagram,Entregado
3513,31,61,CDMX,2026-07-22,1,Débito,301.84,Artesano,Web,Entregado
3514,51,428,Toluca,2026-07-22,1,Crédito,136.01,Artesano,Instagram,Entregado
3515,24,115,Querétaro,2026-07-22,1,Débito,276.07,Marca IKAL,Web,Enviado
3516,54,547,Puebla,2026-07-22,1,Débito,916.64,Artesano,Web,Entregado
3517,7,619,Toluca,2026-07-23,1,Crédito,732.86,Marca IKAL,WhatsApp,Entregado
3518,39,584,CDMX,2026-07-23,2,Débito,546.9,Artesano,Web,Cancelado
3519,28,759,Puebla,2026-07-24,1,Débito,460.81,Marca IKAL,Facebook,Enviado
3520,134,770,Toluca,2026-07-24,1,Débito,256.55,Artesano,Facebook,En preparación
3521,28,457,Monterrey,2026-07-24,1,Débito,460.81,Marca IKAL,Web,Entregado
3522,14,442,Xicotepec de Juárez,2026-07-25,1,Crédito,681.09,Marca IKAL,Facebook,Enviado
3523,54,298,Guadalajara,2026-07-25,1,Crédito,916.64,Artesano,Web,Entregado
3524,149,308,Puebla,2026-07-25,1,Crédito,339.62,Artesano,Facebook,Entregado
3525,72,883,Xicotepec de Juárez,2026-07-25,2,Débito,683.26,Artesano,WhatsApp,Cancelado
3526,52,184,Guadalajara,2026-07-25,1,Crédito,645.53,Artesano,Facebook,En preparación
3527,82,187,Monterrey,2026-07-25,1,Crédito,170.22,Artesano,Instagram,Enviado
3528,88,52,Monterrey,2026-07-26,1,Crédito,866.06,Artesano,Web,Entregado
3529,89,804,Pantepec,2026-07-26,1,Crédito,1293.32,Artesano,Web,Entregado
3530,14,696,Toluca,2026-07-26,1,Crédito,681.09,Marca IKAL,Web,Entregado
3531,103,799,CDMX,2026-07-26,1,Débito,705.17,Artesano,Instagram,Entregado
3532,129,394,CDMX,2026-07-26,1,Débito,842.96,Artesano,WhatsApp,Entregado
3533,109,353,Monterrey,2026-07-26,1,Crédito,308.14,Artesano,Web,Entregado
3534,135,867,CDMX,2026-07-27,1,Crédito,366.54,Artesano,Facebook,Entregado
3535,17,471,CDMX,2026-07-27,1,Débito,136.2,Marca IKAL,Web,Entregado
3536,148,216,Puebla,2026-07-27,1,Crédito,228.17,Artesano,WhatsApp,Entregado
3537,125,305,Puebla,2026-07-27,1,Crédito,384.12,Artesano,Web,Entregado
3538,121,72,CDMX,2026-07-28,2,Débito,798.78,Artesano,Instagram,Entregado
3539,38,736,Puebla,2026-07-28,2,Crédito,572.02,Artesano,WhatsApp,Entregado
3540,124,77,Xicotepec de Juárez,2026-07-28,1,Crédito,849.93,Artesano,Instagram,Enviado
3541,24,279,Guadalajara,2026-07-28,1,Crédito,276.07,Marca IKAL,Instagram,Entregado
3542,7,622,Pantepec,2026-07-28,1,Débito,732.86,Marca IKAL,Facebook,Entregado
3543,1,301,Pantepec,2026-07-28,1,Crédito,331.73,Marca IKAL,Web,Entregado
3544,68,256,Puebla,2026-07-28,1,Débito,335.5,Artesano,Web,Enviado
3545,107,894,Toluca,2026-07-28,2,Débito,533.22,Artesano,Instagram,Entregado
3546,19,731,Guadalajara,2026-07-28,1,Crédito,938.48,Marca IKAL,Facebook,Entregado
3547,128,572,Querétaro,2026-07-28,2,Crédito,2698.92,Artesano,Instagram,Entregado
3548,25,882,Querétaro,2026-07-28,1,Crédito,198.82,Marca IKAL,Web,Entregado
3549,17,474,CDMX,2026-07-29,1,Crédito,136.2,Marca IKAL,Web,Entregado
3550,62,816,Querétaro,2026-07-29,1,Débito,538.39,Artesano,Web,Entregado
3551,28,316,Puebla,2026-07-29,1,Débito,460.81,Marca IKAL,Instagram,Entregado
3552,8,290,Monterrey,2026-07-29,1,Débito,613.15,Marca IKAL,WhatsApp,Entregado
3553,63,31,Guadalajara,2026-07-29,1,Crédito,491.36,Artesano,Web,Enviado
3554,17,610,Puebla,2026-07-30,1,Crédito,136.2,Marca IKAL,Facebook,Entregado
3555,16,151,CDMX,2026-07-30,1,Crédito,885.45,Marca IKAL,Web,En preparación
3556,150,106,Toluca,2026-07-30,1,Débito,340.35,Artesano,Web,Entregado
3557,59,347,Xicotepec de Juárez,2026-07-30,1,Crédito,396.48,Artesano,Web,Entregado
3558,102,706,Monterrey,2026-07-30,2,Crédito,1627.82,Artesano,Instagram,Entregado
3559,131,833,Puebla,2026-07-30,1,Crédito,260.57,Artesano,Facebook,Entregado
3560,57,871,Guadalajara,2026-07-31,1,Crédito,635.75,Artesano,WhatsApp,Entregado
3561,25,790,CDMX,2026-07-31,2,Crédito,397.64,Marca IKAL,Web,En preparación
3562,52,493,Monterrey,2026-07-31,2,Débito,1291.06,Artesano,Facebook,Cancelado
3563,49,612,Puebla,2026-07-31,1,Crédito,151.29,Artesano,Web,Entregado
3564,74,385,Monterrey,2026-01-08,1,Débito,829.73,Artesano,Facebook,Entregado
3565,141,200,Toluca,2026-01-08,1,Crédito,228.97,Artesano,Facebook,Entregado
3566,15,69,Monterrey,2026-01-08,1,Crédito,705.11,Marca IKAL,Web,Entregado
3567,32,122,Puebla,2026-01-08,1,Débito,364.03,Artesano,Facebook,En preparación
3568,35,595,Xicotepec de Juárez,2026-01-08,1,Débito,247.08,Artesano,Instagram,Enviado
3569,33,179,Xicotepec de Juárez,2026-01-08,1,Crédito,137.5,Artesano,Web,Cancelado
3570,31,469,Puebla,2026-02-08,1,Débito,301.84,Artesano,Instagram,Cancelado
3571,7,628,Puebla,2026-02-08,1,Crédito,732.86,Marca IKAL,Web,Enviado
3572,3,673,Toluca,2026-02-08,1,Crédito,335.54,Marca IKAL,Instagram,Cancelado
3573,117,452,Querétaro,2026-02-08,1,Crédito,363.58,Artesano,Facebook,Entregado
3574,111,141,CDMX,2026-02-08,1,Crédito,893.89,Artesano,Instagram,Entregado
3575,33,869,Monterrey,2026-03-08,2,Crédito,275.0,Artesano,Web,Entregado
3576,57,761,Guadalajara,2026-03-08,1,Débito,635.75,Artesano,Instagram,Entregado
3577,25,353,Monterrey,2026-03-08,1,Crédito,198.82,Marca IKAL,Facebook,Entregado
3578,14,637,Guadalajara,2026-03-08,1,Débito,681.09,Marca IKAL,Facebook,Entregado
3579,115,695,Puebla,2026-03-08,1,Crédito,191.4,Artesano,Web,Entregado
3580,25,793,Guadalajara,2026-03-08,1,Débito,198.82,Marca IKAL,WhatsApp,Entregado
3581,5,292,Toluca,2026-04-08,1,Crédito,294.72,Marca IKAL,Instagram,Entregado
3582,136,481,Querétaro,2026-04-08,1,Débito,631.33,Artesano,Instagram,Enviado
3583,21,489,Guadalajara,2026-04-08,1,Crédito,796.09,Marca IKAL,Instagram,Entregado
3584,89,185,Xicotepec de Juárez,2026-04-08,1,Crédito,1293.32,Artesano,Instagram,En preparación
3585,41,346,Guadalajara,2026-04-08,1,Débito,309.61,Artesano,Facebook,En preparación
3586,119,744,Guadalajara,2026-04-08,1,Crédito,424.68,Artesano,Web,Entregado
3587,85,602,Monterrey,2026-05-08,1,Crédito,648.37,Artesano,Web,Enviado
3588,18,391,CDMX,2026-05-08,1,Débito,150.45,Marca IKAL,WhatsApp,Entregado
3589,102,732,Monterrey,2026-05-08,1,Débito,813.91,Artesano,Web,Entregado
3590,4,156,Monterrey,2026-06-08,1,Débito,1124.79,Marca IKAL,Web,Entregado
3591,50,841,Pantepec,2026-06-08,1,Crédito,371.71,Artesano,WhatsApp,Enviado
3592,61,54,Xicotepec de Juárez,2026-06-08,1,Crédito,1230.09,Artesano,Instagram,Entregado
3593,35,724,Xicotepec de Juárez,2026-06-08,1,Crédito,247.08,Artesano,WhatsApp,Entregado
3594,28,826,Puebla,2026-07-08,1,Débito,460.81,Marca IKAL,Web,Entregado
3595,43,500,Guadalajara,2026-07-08,1,Crédito,702.13,Artesano,Instagram,Entregado
3596,138,212,Xicotepec de Juárez,2026-07-08,1,Débito,406.86,Artesano,Web,Entregado
3597,5,484,Monterrey,2026-07-08,1,Crédito,294.72,Marca IKAL,Web,Entregado
3598,1,155,Guadalajara,2026-07-08,1,Débito,331.73,Marca IKAL,Instagram,Entregado
3599,88,539,Guadalajara,2026-07-08,1,Débito,866.06,Artesano,Instagram,Entregado
3600,44,86,Xicotepec de Juárez,2026-07-08,1,Débito,411.9,Artesano,WhatsApp,Entregado
3601,13,123,Querétaro,2026-08-08,1,Débito,249.47,Marca IKAL,Facebook,Entregado
3602,1,63,Puebla,2026-08-08,2,Crédito,663.46,Marca IKAL,Instagram,Entregado
3603,107,256,Puebla,2026-08-08,1,Débito,266.61,Artesano,Instagram,Enviado
3604,29,183,Toluca,2026-08-08,1,Crédito,875.71,Marca IKAL,WhatsApp,Entregado
3605,67,256,Puebla,2026-08-08,1,Débito,936.66,Artesano,Web,Entregado
3606,136,667,Querétaro,2026-09-08,1,Crédito,631.33,Artesano,Instagram,Entregado
3607,5,218,Guadalajara,2026-09-08,1,Crédito,294.72,Marca IKAL,Web,Entregado
3608,102,165,Querétaro,2026-09-08,1,Crédito,813.91,Artesano,Facebook,Entregado
3609,21,467,Querétaro,2026-10-08,2,Débito,1592.18,Marca IKAL,WhatsApp,Entregado
3610,8,157,CDMX,2026-08-10,1,Crédito,613.15,Marca IKAL,WhatsApp,En preparación
3611,125,897,Xicotepec de Juárez,2026-10-08,1,Crédito,384.12,Artesano,Web,Entregado
3612,86,682,Querétaro,2026-10-08,1,Débito,704.88,Artesano,Web,Entregado
3613,99,333,CDMX,2026-10-08,2,Débito,1124.3,Artesano,Web,Entregado
3614,140,346,Guadalajara,2026-10-08,1,Crédito,1069.46,Artesano,Facebook,Entregado
